-- MySQL dump 10.13  Distrib 8.0.46, for Win64 (x86_64)
--
-- Host: localhost    Database: stockmarketanalysis
-- ------------------------------------------------------
-- Server version	8.0.46

/*!40101 SET @OLD_CHARACTER_SET_CLIENT=@@CHARACTER_SET_CLIENT */;
/*!40101 SET @OLD_CHARACTER_SET_RESULTS=@@CHARACTER_SET_RESULTS */;
/*!40101 SET @OLD_COLLATION_CONNECTION=@@COLLATION_CONNECTION */;
/*!50503 SET NAMES utf8 */;
/*!40103 SET @OLD_TIME_ZONE=@@TIME_ZONE */;
/*!40103 SET TIME_ZONE='+00:00' */;
/*!40014 SET @OLD_UNIQUE_CHECKS=@@UNIQUE_CHECKS, UNIQUE_CHECKS=0 */;
/*!40014 SET @OLD_FOREIGN_KEY_CHECKS=@@FOREIGN_KEY_CHECKS, FOREIGN_KEY_CHECKS=0 */;
/*!40101 SET @OLD_SQL_MODE=@@SQL_MODE, SQL_MODE='NO_AUTO_VALUE_ON_ZERO' */;
/*!40111 SET @OLD_SQL_NOTES=@@SQL_NOTES, SQL_NOTES=0 */;

--
-- Table structure for table `companies`
--

DROP TABLE IF EXISTS `companies`;
/*!40101 SET @saved_cs_client     = @@character_set_client */;
/*!50503 SET character_set_client = utf8mb4 */;
CREATE TABLE `companies` (
  `CompanyID` int NOT NULL AUTO_INCREMENT,
  `CompanyName` varchar(100) NOT NULL,
  `Ticker` varchar(20) NOT NULL,
  `Sector` varchar(50) DEFAULT NULL,
  PRIMARY KEY (`CompanyID`),
  UNIQUE KEY `Ticker` (`Ticker`)
) ENGINE=InnoDB AUTO_INCREMENT=22 DEFAULT CHARSET=utf8mb4 COLLATE=utf8mb4_0900_ai_ci;
/*!40101 SET character_set_client = @saved_cs_client */;

--
-- Dumping data for table `companies`
--

LOCK TABLES `companies` WRITE;
/*!40000 ALTER TABLE `companies` DISABLE KEYS */;
INSERT INTO `companies` VALUES (1,'Reliance Industries','RELIANCE','Energy'),(2,'HDFC Bank','HDFCBANK','Banking'),(3,'Tata Consultancy Services','TCS','Information Technology'),(4,'Maruti Suzuki','MARUTI','Automobile'),(5,'Sun Pharmaceutical Industries','SUNPHARMA','Pharmaceutical');
/*!40000 ALTER TABLE `companies` ENABLE KEYS */;
UNLOCK TABLES;

--
-- Temporary view structure for view `companyfinancialsummary`
--

DROP TABLE IF EXISTS `companyfinancialsummary`;
/*!50001 DROP VIEW IF EXISTS `companyfinancialsummary`*/;
SET @saved_cs_client     = @@character_set_client;
/*!50503 SET character_set_client = utf8mb4 */;
/*!50001 CREATE VIEW `companyfinancialsummary` AS SELECT 
 1 AS `CompanyName`,
 1 AS `FinancialYear`,
 1 AS `Sales`,
 1 AS `NetProfit`,
 1 AS `EPS`*/;
SET character_set_client = @saved_cs_client;

--
-- Temporary view structure for view `companyprofitsummary`
--

DROP TABLE IF EXISTS `companyprofitsummary`;
/*!50001 DROP VIEW IF EXISTS `companyprofitsummary`*/;
SET @saved_cs_client     = @@character_set_client;
/*!50503 SET character_set_client = utf8mb4 */;
/*!50001 CREATE VIEW `companyprofitsummary` AS SELECT 
 1 AS `CompanyName`,
 1 AS `AverageProfit`*/;
SET character_set_client = @saved_cs_client;

--
-- Table structure for table `financialstatements`
--

DROP TABLE IF EXISTS `financialstatements`;
/*!40101 SET @saved_cs_client     = @@character_set_client */;
/*!50503 SET character_set_client = utf8mb4 */;
CREATE TABLE `financialstatements` (
  `FinancialID` int NOT NULL AUTO_INCREMENT,
  `CompanyID` int NOT NULL,
  `FinancialYear` year NOT NULL,
  `Sales` decimal(18,2) DEFAULT NULL,
  `OperatingProfit` decimal(18,2) DEFAULT NULL,
  `NetProfit` decimal(18,2) DEFAULT NULL,
  `EPS` decimal(10,2) DEFAULT NULL,
  `DividendPayout` decimal(10,2) DEFAULT NULL,
  PRIMARY KEY (`FinancialID`),
  UNIQUE KEY `CompanyID` (`CompanyID`,`FinancialYear`),
  CONSTRAINT `financialstatements_ibfk_1` FOREIGN KEY (`CompanyID`) REFERENCES `companies` (`CompanyID`) ON DELETE CASCADE ON UPDATE CASCADE
) ENGINE=InnoDB AUTO_INCREMENT=157 DEFAULT CHARSET=utf8mb4 COLLATE=utf8mb4_0900_ai_ci;
/*!40101 SET character_set_client = @saved_cs_client */;

--
-- Dumping data for table `financialstatements`
--

LOCK TABLES `financialstatements` WRITE;
/*!40000 ALTER TABLE `financialstatements` DISABLE KEYS */;
INSERT INTO `financialstatements` VALUES (1,1,2015,328013.00,31636.00,22719.00,16.46,0.14),(2,1,2016,231743.00,39384.00,27384.00,19.81,0.12),(3,1,2017,240597.00,43325.00,31425.00,22.65,0.11),(4,1,2018,289188.00,51758.00,33612.00,24.87,0.11),(5,1,2019,370744.00,58891.00,35163.00,26.00,0.12),(6,1,2020,336097.00,53024.00,30903.00,22.85,0.13),(7,1,2021,245050.00,33508.00,31944.00,25.19,0.14),(8,1,2022,422413.00,52406.00,39084.00,28.89,0.14),(9,1,2023,537909.00,66859.00,44190.00,32.66,0.14),(10,1,2024,531908.00,74420.00,42042.00,31.07,0.16),(11,1,2025,515425.00,58133.00,35262.00,26.06,0.21),(12,1,2026,504026.00,54455.00,43851.00,32.40,0.19),(13,3,2015,94648.00,24482.00,20060.00,50.68,0.78),(14,3,2016,108646.00,30677.00,24338.00,61.58,0.35),(15,3,2017,117966.00,32311.00,26357.00,66.71,0.35),(16,3,2018,123104.00,32516.00,25880.00,67.46,0.37),(17,3,2019,146463.00,39506.00,31562.00,83.87,0.36),(18,3,2020,156949.00,42109.00,32447.00,86.19,0.85),(19,3,2021,164177.00,46546.00,32562.00,87.67,0.43),(20,3,2022,191754.00,53057.00,38449.00,104.75,0.41),(21,3,2023,225458.00,59259.00,42303.00,115.19,1.00),(22,3,2024,240893.00,64296.00,46099.00,126.88,0.58),(23,3,2025,255324.00,67407.00,48797.00,134.20,0.94),(24,3,2026,267021.00,72398.00,49454.00,136.01,0.81),(25,4,2015,50801.00,6892.00,3809.00,126.04,0.20),(26,4,2016,57589.00,9024.00,5497.00,181.98,0.19),(27,4,2017,68085.00,10421.00,7511.00,248.61,0.30),(28,4,2018,79809.00,12118.00,7881.00,260.86,0.31),(29,4,2019,86068.00,11056.00,7651.00,253.21,0.32),(30,4,2020,75660.00,7355.00,5678.00,187.90,0.32),(31,4,2021,70372.00,5411.00,4389.00,145.30,0.31),(32,4,2022,88330.00,5752.00,3880.00,128.43,0.47),(33,4,2023,117571.00,11029.00,8211.00,271.82,0.33),(34,4,2024,141858.00,18626.00,13488.00,429.01,0.29),(35,4,2025,152913.00,20224.00,14500.00,461.20,0.29),(36,4,2026,183316.00,21456.00,14680.00,466.90,0.30),(37,5,2015,27392.00,7894.00,5476.00,21.92,0.14),(38,5,2016,28487.00,8174.00,5658.00,18.89,0.05),(39,5,2017,31578.00,10102.00,7846.00,29.03,0.12),(40,5,2018,26489.00,5631.00,2542.00,8.73,0.23),(41,5,2019,29066.00,6377.00,3208.00,11.11,0.25),(42,5,2020,32838.00,6983.00,4172.00,15.69,0.25),(43,5,2021,33498.00,8470.00,2272.00,12.10,0.62),(44,5,2022,38654.00,10258.00,3389.00,13.64,0.73),(45,5,2023,43886.00,11650.00,8513.00,35.32,0.33),(46,5,2024,48497.00,13018.00,9610.00,39.91,0.34),(47,5,2025,52578.00,15114.00,10965.00,45.55,0.35),(48,5,2026,58462.00,17731.00,11509.00,47.84,0.33),(145,2,2013,50666.00,7214.00,10703.00,10.66,0.19),(146,2,2014,63162.00,9037.00,12821.00,12.66,0.19),(147,2,2015,73271.00,11374.00,15317.00,14.91,0.18),(148,2,2016,85288.00,13374.00,18561.00,17.83,0.18),(149,2,2017,105161.00,16592.00,22446.00,20.50,0.18),(150,2,2018,122189.00,14593.00,27296.00,24.85,0.05),(151,2,2019,128552.00,16848.00,31857.00,28.87,0.11),(152,2,2020,135936.00,20795.00,38151.00,34.31,0.23),(153,2,2021,170754.00,29932.00,46149.00,41.22,0.23),(154,2,2022,283649.00,-44685.00,65446.00,42.16,0.23),(155,2,2023,336367.00,-34501.00,73440.00,46.26,0.24),(156,2,2024,348615.00,-44706.00,79219.00,49.39,0.31);
/*!40000 ALTER TABLE `financialstatements` ENABLE KEYS */;
UNLOCK TABLES;

--
-- Table structure for table `stockprices`
--

DROP TABLE IF EXISTS `stockprices`;
/*!40101 SET @saved_cs_client     = @@character_set_client */;
/*!50503 SET character_set_client = utf8mb4 */;
CREATE TABLE `stockprices` (
  `PriceID` int NOT NULL AUTO_INCREMENT,
  `CompanyID` int NOT NULL,
  `TradeDate` date NOT NULL,
  `OpenPrice` decimal(10,2) DEFAULT NULL,
  `HighPrice` decimal(10,2) DEFAULT NULL,
  `LowPrice` decimal(10,2) DEFAULT NULL,
  `ClosePrice` decimal(10,2) DEFAULT NULL,
  `PreviousClose` decimal(10,2) DEFAULT NULL,
  `LTP` decimal(10,2) DEFAULT NULL,
  `VWAP` decimal(10,2) DEFAULT NULL,
  `VOLUME` bigint DEFAULT NULL,
  `VALUETRADED` decimal(18,2) DEFAULT NULL,
  `NumberOfTrades` int DEFAULT NULL,
  `HIGH52WEEK` decimal(10,2) DEFAULT NULL,
  `LOW52WEEK` decimal(10,2) DEFAULT NULL,
  PRIMARY KEY (`PriceID`),
  UNIQUE KEY `CompanyID` (`CompanyID`,`TradeDate`),
  KEY `idx_company_date` (`CompanyID`,`TradeDate`),
  CONSTRAINT `stockprices_ibfk_1` FOREIGN KEY (`CompanyID`) REFERENCES `companies` (`CompanyID`) ON DELETE CASCADE ON UPDATE CASCADE
) ENGINE=InnoDB AUTO_INCREMENT=1236 DEFAULT CHARSET=utf8mb4 COLLATE=utf8mb4_0900_ai_ci;
/*!40101 SET character_set_client = @saved_cs_client */;

--
-- Dumping data for table `stockprices`
--

LOCK TABLES `stockprices` WRITE;
/*!40000 ALTER TABLE `stockprices` DISABLE KEYS */;
INSERT INTO `stockprices` VALUES (1,1,'2026-06-30',1306.90,1306.90,1290.00,1293.90,1301.00,1294.50,1295.14,15695263,20327586927.00,213627,1611.80,1253.20),(2,1,'2026-06-29',1308.00,1313.70,1292.60,1301.00,1318.10,1302.30,1302.94,13757656,17925371908.00,233886,1611.80,1253.20),(3,1,'2026-06-25',1318.00,1328.00,1314.60,1318.10,1313.60,1316.50,1320.81,12694362,16766828497.00,226862,1611.80,1253.20),(4,1,'2026-06-24',1305.70,1322.00,1297.50,1313.60,1309.50,1313.40,1312.24,11030917,14475176031.00,181859,1611.80,1253.20),(5,1,'2026-06-23',1328.90,1333.00,1304.00,1309.50,1326.50,1306.00,1318.19,15400184,20300411366.00,184704,1611.80,1253.20),(6,1,'2026-06-22',1316.70,1344.90,1314.10,1326.50,1309.50,1324.70,1333.48,12931213,17243520821.00,261143,1611.80,1253.20),(7,1,'2026-06-19',1328.00,1338.20,1305.30,1309.50,1328.10,1311.50,1317.76,24887034,32795056305.00,271929,1611.80,1253.20),(8,1,'2026-06-18',1330.00,1333.90,1322.00,1328.10,1332.70,1331.00,1327.75,15494549,20572897901.00,210055,1611.80,1253.20),(9,1,'2026-06-17',1333.00,1334.00,1317.00,1332.70,1328.80,1332.10,1328.97,10029170,13328474071.00,223240,1611.80,1253.20),(10,1,'2026-06-16',1313.40,1333.40,1306.40,1328.80,1307.00,1328.60,1326.71,18513223,24561659086.00,268584,1611.80,1253.20),(11,1,'2026-06-15',1315.30,1325.00,1303.30,1307.00,1293.00,1306.50,1311.06,18633321,24429312589.00,220103,1611.80,1253.20),(12,1,'2026-06-12',1277.00,1297.00,1262.50,1293.00,1263.00,1296.40,1277.16,11988785,15311601155.00,196811,1611.80,1253.20),(13,1,'2026-06-11',1258.00,1276.00,1253.20,1263.00,1258.80,1264.50,1265.78,13117486,16603791533.00,208052,1611.80,1253.20),(14,1,'2026-06-10',1275.00,1300.50,1254.40,1258.80,1269.20,1258.70,1274.15,21012796,26773474717.00,307301,1611.80,1254.40),(15,1,'2026-06-09',1269.00,1274.20,1257.50,1269.20,1263.30,1272.30,1264.75,23620214,29873731086.00,273651,1611.80,1257.50),(16,1,'2026-06-08',1277.00,1282.60,1259.20,1263.30,1291.00,1262.80,1271.90,16494759,20979689703.00,303591,1611.80,1259.20),(17,1,'2026-06-05',1304.50,1306.00,1288.00,1291.00,1303.70,1291.40,1294.80,17785223,23028393410.00,356802,1611.80,1288.00),(18,1,'2026-06-04',1301.00,1311.20,1293.10,1303.70,1313.20,1308.00,1303.16,23474327,30590735366.00,318716,1611.80,1290.00),(19,1,'2026-06-03',1315.00,1324.00,1301.00,1313.20,1314.60,1312.60,1309.61,20012293,26208226473.00,380780,1611.80,1290.00),(20,1,'2026-06-02',1307.70,1327.80,1300.30,1314.60,1320.00,1321.00,1313.43,23302785,30606599536.00,362323,1611.80,1290.00),(21,1,'2026-06-01',1332.50,1335.50,1318.50,1320.00,1321.20,1320.20,1324.32,10700603,14170974475.00,212031,1611.80,1290.00),(22,1,'2026-05-29',1364.00,1369.00,1317.00,1321.20,1350.50,1321.90,1330.58,42634247,56728419201.00,309971,1611.80,1290.00),(23,1,'2026-05-27',1353.00,1361.00,1348.60,1350.50,1356.30,1352.00,1354.62,13215138,17901499785.00,230257,1611.80,1290.00),(24,1,'2026-05-26',1360.10,1368.50,1352.40,1356.30,1367.00,1357.00,1359.22,13769747,18716137071.00,148444,1611.80,1290.00),(25,1,'2026-05-25',1366.80,1371.10,1357.00,1367.00,1354.50,1366.40,1363.11,6750071,9201071111.00,139554,1611.80,1290.00),(26,1,'2026-05-22',1350.00,1367.40,1349.10,1354.50,1349.60,1358.00,1357.24,7105813,9644325564.00,163887,1611.80,1290.00),(27,1,'2026-05-21',1367.20,1370.90,1345.20,1349.60,1359.70,1349.00,1352.83,17150630,23201823032.00,275605,1611.80,1290.00),(28,1,'2026-05-20',1318.70,1362.90,1312.60,1359.70,1322.70,1360.30,1345.23,13248515,17822310858.00,227919,1611.80,1290.00),(29,1,'2026-05-19',1338.70,1344.00,1318.40,1322.70,1335.90,1322.80,1332.15,21665501,28861686347.00,339757,1611.80,1290.00),(30,1,'2026-05-18',1334.00,1342.00,1318.70,1335.90,1336.40,1335.00,1333.44,13022473,17364734586.00,224065,1611.80,1290.00),(31,1,'2026-05-15',1356.80,1364.80,1329.20,1336.40,1361.80,1339.00,1339.37,19976192,26755567751.00,276450,1611.80,1290.00),(32,1,'2026-05-14',1365.20,1378.00,1358.40,1361.80,1358.80,1368.50,1365.93,17303059,23634693081.00,312686,1611.80,1290.00),(33,1,'2026-05-13',1361.40,1372.40,1352.40,1358.80,1364.00,1361.20,1360.83,13797989,18776783798.00,253418,1611.80,1290.00),(34,1,'2026-05-12',1392.00,1393.50,1360.30,1364.00,1388.20,1366.50,1375.76,24357500,33509995740.00,405245,1611.80,1290.00),(35,1,'2026-05-11',1420.00,1428.00,1382.00,1388.20,1435.20,1385.30,1402.78,15261787,21408932296.00,240591,1611.80,1290.00),(36,1,'2026-05-08',1426.00,1442.80,1417.50,1435.20,1436.20,1436.00,1428.37,8663105,12374131087.00,173992,1611.80,1290.00),(37,1,'2026-05-07',1438.80,1449.50,1430.30,1436.20,1437.90,1435.50,1438.64,19816903,28509373905.00,286996,1611.80,1290.00),(38,1,'2026-05-06',1463.00,1473.30,1427.50,1437.90,1463.60,1438.70,1444.41,14221786,20542051719.00,282129,1611.80,1290.00),(39,1,'2026-05-05',1460.00,1473.40,1450.00,1463.60,1463.10,1462.50,1461.45,23543341,34407523385.00,312401,1611.80,1290.00),(40,1,'2026-05-04',1433.40,1467.40,1433.40,1463.10,1430.80,1467.20,1454.00,24035700,34947863091.00,417403,1611.80,1290.00),(41,1,'2026-04-30',1409.00,1437.00,1393.10,1430.80,1425.40,1436.00,1416.42,30957881,43849430497.00,364569,1611.80,1290.00),(42,1,'2026-04-29',1392.00,1433.80,1391.30,1425.40,1388.90,1430.00,1418.23,30542143,43315858970.00,377101,1611.80,1290.00),(43,1,'2026-04-28',1358.00,1395.20,1357.00,1388.90,1365.80,1393.00,1380.39,41027699,56634360965.00,371160,1611.80,1290.00),(44,1,'2026-04-27',1313.00,1371.60,1311.00,1365.80,1327.80,1370.00,1346.48,24673098,33221715767.00,301732,1611.80,1290.00),(45,1,'2026-04-24',1340.00,1345.90,1325.00,1327.80,1343.40,1331.00,1333.01,11744802,15655932416.00,197088,1611.80,1267.00),(46,1,'2026-04-23',1346.00,1355.50,1340.70,1343.40,1362.10,1344.40,1347.84,16385079,22084484855.00,209218,1611.80,1267.00),(47,1,'2026-04-22',1350.30,1366.00,1349.10,1362.10,1353.30,1362.00,1360.40,9525953,12959100399.00,153909,1611.80,1267.00),(48,1,'2026-04-21',1359.00,1369.80,1350.10,1353.30,1363.30,1354.90,1356.60,27293629,37026449570.00,297701,1611.80,1267.00),(49,1,'2026-04-20',1363.20,1373.00,1352.80,1363.30,1365.00,1361.10,1365.92,13614733,18596570381.00,240331,1611.80,1267.00),(50,1,'2026-04-17',1340.00,1368.40,1340.00,1365.00,1343.30,1364.90,1359.14,13869105,18850089777.00,226433,1611.80,1227.60),(51,1,'2026-04-16',1352.00,1353.80,1330.00,1343.30,1344.10,1345.90,1338.46,30211012,40436195396.00,333177,1611.80,1227.60),(52,1,'2026-04-15',1337.00,1347.00,1334.20,1344.10,1315.10,1342.90,1340.02,15313779,20520818326.00,259818,1611.80,1227.60),(53,1,'2026-04-13',1321.20,1327.60,1310.00,1315.10,1350.20,1314.00,1316.46,28753269,37852516274.00,456747,1611.80,1227.60),(54,1,'2026-04-10',1337.00,1352.30,1331.50,1350.20,1330.00,1350.00,1346.97,19364461,26083304336.00,228260,1611.80,1114.85),(55,1,'2026-04-09',1346.00,1350.00,1326.30,1330.00,1347.80,1330.00,1333.26,20725390,27632249237.00,277395,1611.80,1114.85),(56,1,'2026-04-08',1349.00,1350.60,1326.20,1347.80,1304.60,1349.40,1343.02,21817543,29301422736.00,434059,1611.80,1114.85),(57,1,'2026-04-07',1295.00,1308.30,1291.00,1304.60,1304.70,1307.30,1298.73,28388922,36869641752.00,364146,1611.80,1114.85),(58,1,'2026-04-06',1359.00,1359.00,1290.00,1304.70,1350.50,1306.00,1306.37,29274881,38243783551.00,584670,1611.80,1114.85),(59,1,'2026-04-02',1357.00,1358.20,1328.00,1350.50,1369.20,1350.90,1346.65,21280051,28656873097.00,335321,1611.80,1114.85),(60,1,'2026-04-01',1384.20,1384.40,1362.90,1369.20,1343.90,1369.50,1372.02,14404619,19763387955.00,241179,1611.80,1114.85),(61,1,'2026-03-30',1335.00,1365.00,1334.10,1343.90,1348.10,1348.30,1347.25,24393861,32864544985.00,426526,1611.80,1114.85),(62,1,'2026-03-27',1401.00,1404.70,1345.00,1348.10,1413.10,1348.00,1359.97,23266517,31641734743.00,546051,1611.80,1114.85),(63,1,'2026-03-25',1420.00,1430.50,1408.40,1413.10,1411.80,1413.80,1418.75,19041331,27014940456.00,313024,1611.80,1114.85),(64,1,'2026-03-24',1420.00,1422.40,1406.60,1411.80,1407.80,1414.00,1413.20,18620893,26315089062.00,304313,1611.80,1114.85),(65,1,'2026-03-23',1400.00,1415.60,1391.00,1407.80,1414.40,1404.00,1404.46,18979554,26655971497.00,385355,1611.80,1114.85),(66,1,'2026-03-20',1398.00,1430.00,1396.10,1414.40,1384.80,1413.60,1418.94,22994918,32628466607.00,315139,1611.80,1114.85),(67,1,'2026-03-19',1388.00,1415.70,1376.10,1384.80,1408.10,1392.00,1394.72,16498373,23010687831.00,305792,1611.80,1114.85),(68,1,'2026-03-18',1397.20,1412.90,1397.20,1408.10,1397.60,1407.20,1408.59,9559327,13465178868.00,212371,1611.80,1114.85),(69,1,'2026-03-17',1399.00,1405.90,1388.20,1397.60,1395.10,1394.80,1398.21,19007744,26576882527.00,273340,1611.80,1114.85),(70,1,'2026-03-16',1380.00,1397.30,1363.50,1395.10,1380.70,1394.00,1384.52,22837802,31619378232.00,293132,1611.80,1114.85),(71,1,'2026-03-13',1385.20,1400.80,1378.40,1380.70,1392.20,1382.10,1388.25,17265090,23968236255.00,315335,1611.80,1114.85),(72,1,'2026-03-12',1390.00,1410.90,1381.10,1392.20,1390.20,1390.00,1397.56,20939959,29264877794.00,370385,1611.80,1114.85),(73,1,'2026-03-11',1424.90,1434.00,1383.60,1390.20,1408.80,1386.80,1402.95,21848087,30651692543.00,358595,1611.80,1114.85),(74,1,'2026-03-10',1430.60,1431.50,1400.60,1408.80,1424.00,1410.90,1410.92,18071259,25497167383.00,266712,1611.80,1114.85),(75,1,'2026-03-09',1375.00,1429.40,1370.00,1424.00,1404.80,1418.60,1404.08,24870822,34920585822.00,363998,1611.80,1114.85),(76,1,'2026-03-06',1396.50,1424.30,1390.30,1404.80,1389.40,1407.00,1412.87,19311971,27285257300.00,291792,1611.80,1114.85),(77,1,'2026-03-05',1353.10,1399.00,1353.10,1389.40,1345.00,1386.40,1383.03,25957532,35899997226.00,339169,1611.80,1114.85),(78,1,'2026-03-04',1330.00,1352.80,1307.00,1345.00,1358.00,1345.20,1334.60,32495007,43367943821.00,643399,1611.80,1114.85),(79,1,'2026-03-02',1375.50,1378.60,1341.50,1358.00,1393.90,1360.00,1358.19,23728722,32228124370.00,384813,1611.80,1114.85),(80,1,'2026-02-27',1398.00,1410.40,1388.10,1393.90,1406.80,1394.90,1397.46,12031440,16813512507.00,195405,1611.80,1114.85),(81,1,'2026-02-26',1398.50,1412.90,1391.90,1406.80,1398.50,1409.00,1404.01,16683858,23424295897.00,242404,1611.80,1114.85),(82,1,'2026-02-25',1435.00,1440.50,1393.50,1398.50,1428.80,1400.80,1414.07,10728792,15171307393.00,204165,1611.80,1114.85),(83,1,'2026-02-24',1425.30,1433.30,1415.00,1428.80,1428.00,1431.10,1424.96,12529409,17853917144.00,196324,1611.80,1114.85),(84,1,'2026-02-23',1425.00,1434.90,1418.30,1428.00,1419.40,1425.00,1425.50,7758856,11060270074.00,140217,1611.80,1114.85),(85,1,'2026-02-20',1409.50,1427.40,1406.10,1419.40,1409.50,1419.10,1420.00,8177670,11612283011.00,161489,1611.80,1114.85),(86,1,'2026-02-19',1443.00,1443.00,1400.00,1409.50,1441.30,1407.20,1415.94,11884664,16827934160.00,221944,1611.80,1114.85),(87,1,'2026-02-18',1427.00,1442.10,1419.20,1441.30,1423.00,1441.00,1432.14,5521096,7906956447.00,121784,1611.80,1114.85),(88,1,'2026-02-17',1431.10,1431.80,1418.60,1423.00,1437.10,1424.20,1423.10,10731630,15272175589.00,189670,1611.80,1114.85),(89,1,'2026-02-16',1420.10,1439.60,1409.30,1437.10,1419.60,1434.10,1426.07,5896514,8408865413.00,160094,1611.80,1114.85),(90,1,'2026-02-13',1445.50,1450.70,1416.30,1419.60,1448.90,1418.60,1423.73,10755693,15313221950.00,182348,1611.80,1114.85),(91,1,'2026-02-12',1470.00,1473.00,1445.50,1448.90,1468.70,1449.90,1453.64,11135399,16186860275.00,195451,1611.80,1114.85),(92,1,'2026-02-11',1459.60,1470.00,1453.60,1468.70,1458.50,1469.00,1465.14,7106877,10412535998.00,200342,1611.80,1114.85),(93,1,'2026-02-10',1471.00,1471.00,1452.20,1458.50,1461.60,1456.20,1459.23,10259630,14971196098.00,181163,1611.80,1114.85),(94,1,'2026-02-09',1458.00,1465.90,1453.00,1461.60,1450.80,1461.20,1462.26,5775864,8445811902.00,127171,1611.80,1114.85),(95,1,'2026-02-06',1441.50,1452.80,1433.50,1450.80,1443.40,1451.00,1442.78,8277304,11942366313.00,133331,1611.80,1114.85),(96,1,'2026-02-05',1457.00,1461.50,1439.50,1443.40,1456.80,1441.90,1444.91,11763658,16997446035.00,206465,1611.80,1114.85),(97,1,'2026-02-04',1444.00,1464.00,1440.30,1456.80,1437.10,1455.40,1455.35,8333387,12127957784.00,189873,1611.80,1114.85),(98,1,'2026-02-03',1473.90,1489.50,1430.20,1437.10,1390.40,1438.00,1445.70,25456171,36802006349.00,360494,1611.80,1114.85),(99,1,'2026-02-02',1340.00,1392.90,1335.50,1390.40,1347.00,1388.00,1373.27,15711165,21575643259.00,379997,1611.80,1114.85),(100,1,'2026-02-01',1396.00,1411.00,1335.00,1347.00,1395.40,1342.80,1377.13,9714528,13378145109.00,236369,1611.80,1114.85),(101,1,'2026-01-30',1382.60,1398.00,1378.50,1395.40,1391.00,1397.00,1391.25,11239835,15637418400.00,159638,1611.80,1114.85),(102,1,'2026-01-29',1402.90,1402.90,1384.00,1391.00,1396.70,1386.90,1393.55,20846683,29050818209.00,295986,1611.80,1114.85),(103,1,'2026-01-28',1385.00,1409.90,1384.90,1396.70,1380.50,1398.50,1396.85,11121657,15535335258.00,209556,1611.80,1114.85),(104,1,'2026-01-27',1380.00,1391.60,1368.00,1380.50,1386.10,1384.00,1381.87,26302396,36346567203.00,337571,1611.80,1114.85),(105,1,'2026-01-23',1401.80,1407.00,1381.00,1386.10,1402.50,1387.00,1391.32,9837802,13687560137.00,263283,1611.80,1114.85),(106,1,'2026-01-22',1410.10,1419.50,1395.00,1402.50,1404.60,1404.10,1403.80,15721693,22070150220.00,391641,1611.80,1114.85),(107,1,'2026-01-21',1389.50,1412.90,1373.00,1404.60,1394.00,1407.50,1399.14,17352720,24278965746.00,412452,1611.80,1114.85),(108,1,'2026-01-20',1410.70,1416.00,1390.00,1394.00,1413.60,1392.40,1401.05,13189498,18479164579.00,382470,1611.80,1114.85),(109,1,'2026-01-19',1450.60,1450.60,1403.30,1413.60,1457.90,1413.20,1415.36,20392765,28863128634.00,569720,1611.80,1114.85),(110,1,'2026-01-16',1458.80,1480.00,1455.10,1457.90,1458.80,1461.00,1464.15,17167161,25135247618.00,289037,1611.80,1114.85),(111,1,'2026-01-14',1444.00,1467.00,1440.20,1458.80,1452.80,1458.80,1458.22,8321764,12134950551.00,167816,1611.80,1114.85),(112,1,'2026-01-13',1485.00,1485.80,1444.70,1452.80,1483.20,1456.90,1457.67,13499760,19678131155.00,289198,1611.80,1114.85),(113,1,'2026-01-12',1475.30,1485.30,1451.00,1483.20,1475.30,1484.00,1469.79,8883745,13057259395.00,236827,1611.80,1114.85),(114,1,'2026-01-09',1465.00,1479.90,1465.00,1475.30,1470.60,1476.00,1472.13,8335311,12270672521.00,237412,1611.80,1114.85),(115,1,'2026-01-08',1500.00,1503.90,1468.80,1470.60,1504.20,1470.70,1477.72,16518684,24410037550.00,443727,1611.80,1114.85),(116,1,'2026-01-07',1510.00,1520.00,1498.00,1504.20,1507.60,1505.10,1506.81,11199340,16875253100.00,302077,1611.80,1114.85),(117,1,'2026-01-06',1569.00,1569.00,1496.30,1507.60,1578.10,1508.90,1516.17,27417125,41569080602.00,583917,1611.80,1114.85),(118,1,'2026-01-05',1593.00,1611.80,1575.30,1578.10,1592.30,1577.00,1589.36,8704973,13835333400.00,227204,1611.80,1114.85),(119,1,'2026-01-02',1580.00,1594.60,1578.20,1592.30,1575.60,1593.00,1589.16,6602230,10491999169.00,156023,1594.60,1114.85),(120,1,'2026-01-01',1573.70,1592.50,1571.10,1575.60,1570.40,1572.90,1578.67,6408128,10116346867.00,134062,1592.50,1114.85),(121,1,'2025-12-31',1541.00,1577.00,1541.00,1570.40,1539.80,1569.00,1566.86,5771830,9043650349.00,141792,1581.30,1114.85),(122,1,'2025-12-30',1547.00,1553.60,1537.80,1539.80,1545.60,1541.00,1543.21,8815884,13604745435.00,199428,1581.30,1114.85),(123,1,'2025-12-29',1554.90,1558.10,1543.60,1545.60,1559.20,1546.70,1547.80,5972105,9243616142.00,158162,1581.30,1114.85),(124,1,'2025-12-26',1554.70,1561.00,1554.30,1559.20,1558.20,1560.00,1558.05,2311495,3601435339.00,81976,1581.30,1114.85),(125,1,'2025-12-24',1572.70,1575.70,1553.60,1558.20,1570.70,1560.60,1559.55,8815745,13748600531.00,243970,1581.30,1114.85),(126,1,'2025-12-23',1580.90,1580.90,1568.10,1570.70,1575.40,1569.00,1573.01,7506564,11807916324.00,179265,1581.30,1114.85),(127,1,'2025-12-22',1573.50,1577.50,1565.30,1575.40,1565.10,1577.00,1571.96,10184852,16010206160.00,371017,1581.30,1114.85),(128,1,'2025-12-19',1554.40,1574.20,1551.00,1565.10,1544.40,1564.90,1566.60,13937275,21834130207.00,279233,1581.30,1114.85),(129,1,'2025-12-18',1535.20,1551.50,1535.20,1544.40,1544.40,1543.50,1545.30,6580829,10169353778.00,175814,1581.30,1114.85),(130,1,'2025-12-17',1550.00,1550.00,1539.30,1544.40,1542.30,1545.10,1544.14,7116649,10989103492.00,176852,1581.30,1114.85),(131,1,'2025-12-16',1545.00,1551.70,1538.80,1542.30,1556.20,1540.70,1544.30,11731856,18117538818.00,246980,1581.30,1114.85),(132,1,'2025-12-15',1551.20,1558.60,1546.50,1556.20,1556.50,1557.00,1553.69,5774543,8971836561.00,185872,1581.30,1114.85),(133,1,'2025-12-12',1550.80,1559.80,1546.10,1556.50,1545.00,1554.30,1555.21,5106655,7941940759.00,139702,1581.30,1114.85),(134,1,'2025-12-11',1536.90,1550.00,1524.00,1545.00,1536.90,1543.00,1540.61,4706197,7250428118.00,168155,1581.30,1114.85),(135,1,'2025-12-10',1534.00,1547.50,1531.40,1536.90,1529.40,1533.50,1539.72,7991629,12304893788.00,202989,1581.30,1114.85),(136,1,'2025-12-09',1540.30,1542.50,1520.10,1529.40,1543.00,1532.40,1530.00,11503971,17601083501.00,205129,1581.30,1114.85),(137,1,'2025-12-08',1539.20,1551.00,1535.00,1543.00,1540.60,1539.90,1540.71,11301491,17412309978.00,182756,1581.30,1114.85),(138,1,'2025-12-05',1530.40,1545.80,1520.60,1540.60,1535.60,1544.60,1534.80,10183266,15629290583.00,181528,1581.30,1114.85),(139,1,'2025-12-04',1536.00,1560.50,1517.60,1535.60,1538.80,1525.30,1543.73,11867930,18320833055.00,203260,1581.30,1114.85),(140,1,'2025-12-03',1545.20,1552.40,1533.00,1538.80,1546.30,1539.10,1539.45,6090883,9376593979.00,156721,1581.30,1114.85),(141,1,'2025-12-02',1561.10,1567.50,1542.00,1546.30,1566.10,1548.30,1550.62,11389150,17660297036.00,323713,1581.30,1114.85),(142,1,'2025-12-01',1575.00,1577.50,1563.60,1566.10,1567.50,1566.50,1571.31,8920233,14016486650.00,292601,1581.30,1114.85),(143,1,'2025-11-28',1568.00,1581.30,1563.00,1567.50,1563.40,1569.00,1571.94,8959508,14083838960.00,229373,1581.30,1114.85),(144,1,'2025-11-27',1575.00,1575.50,1556.00,1563.40,1569.90,1564.80,1563.68,9794643,15315704901.00,278929,1575.50,1114.85),(145,1,'2025-11-26',1542.30,1571.60,1540.50,1569.90,1539.70,1569.60,1562.98,14054299,21966588734.00,285274,1571.60,1114.85),(146,1,'2025-11-25',1535.90,1559.60,1525.10,1539.70,1535.90,1540.00,1546.34,15033482,23246909830.00,299805,1559.60,1114.85),(147,1,'2025-11-24',1550.00,1550.00,1531.80,1535.90,1546.60,1534.90,1537.26,18433951,28337841303.00,198313,1557.80,1114.85),(148,1,'2025-11-21',1541.00,1557.80,1540.10,1546.60,1549.10,1543.70,1549.35,9615271,14897385970.00,240250,1557.80,1114.85),(149,1,'2025-11-20',1530.00,1550.90,1526.70,1549.10,1518.90,1549.50,1543.57,18171724,28049306042.00,246552,1551.00,1114.85),(150,1,'2025-11-19',1517.40,1522.30,1512.00,1518.90,1519.40,1519.00,1518.64,5692366,8644640453.00,131481,1551.00,1114.85),(151,1,'2025-11-18',1521.70,1527.80,1510.50,1519.40,1518.30,1520.00,1520.18,11045042,16790505250.00,165850,1551.00,1114.85),(152,1,'2025-11-17',1520.90,1523.70,1511.50,1518.30,1518.90,1518.00,1516.89,5871416,8906294222.00,123473,1551.00,1114.85),(153,1,'2025-11-14',1505.50,1520.90,1505.50,1518.90,1510.90,1518.20,1516.51,7682823,11651084505.00,194941,1551.00,1114.85),(154,1,'2025-11-13',1515.00,1522.10,1506.80,1510.90,1511.50,1512.10,1514.35,7196443,10897956390.00,209774,1551.00,1114.85),(155,1,'2025-11-12',1505.00,1524.70,1500.00,1511.50,1493.40,1511.80,1515.00,12384459,18762517172.00,252417,1551.00,1114.85),(156,1,'2025-11-11',1497.00,1498.80,1480.20,1493.40,1489.30,1493.80,1489.58,7127506,10616976772.00,149607,1551.00,1114.85),(157,1,'2025-11-10',1477.90,1501.00,1475.50,1489.30,1478.00,1490.10,1492.69,7068438,10550978254.00,154602,1551.00,1114.85),(158,1,'2025-11-07',1494.60,1498.40,1475.90,1478.00,1496.10,1480.00,1486.71,7821765,11628733264.00,139608,1551.00,1114.85),(159,1,'2025-11-06',1484.00,1501.60,1476.20,1496.10,1473.10,1494.80,1494.08,16772678,25059656533.00,269902,1551.00,1114.85),(160,1,'2025-11-04',1483.90,1492.80,1470.10,1473.10,1484.70,1471.10,1480.96,10007806,14821144473.00,218103,1551.00,1114.85),(161,1,'2025-11-03',1486.00,1495.00,1479.30,1484.70,1486.40,1487.30,1488.29,8452085,12579161983.00,245664,1551.00,1114.85),(162,1,'2025-10-31',1490.40,1497.50,1482.30,1486.40,1488.50,1487.00,1487.80,8758053,13030257785.00,206898,1551.00,1114.85),(163,1,'2025-10-30',1500.00,1503.10,1484.00,1488.50,1504.20,1489.50,1492.27,9318663,13905920960.00,276397,1551.00,1114.85),(164,1,'2025-10-29',1490.00,1508.30,1488.10,1504.20,1486.90,1504.00,1502.67,11884745,17858800583.00,219504,1551.00,1114.85),(165,1,'2025-10-28',1484.10,1492.00,1477.60,1486.90,1484.10,1489.70,1484.96,17631577,26182248924.00,314894,1551.00,1114.85),(166,1,'2025-10-27',1463.00,1485.00,1458.00,1484.10,1451.60,1483.20,1480.24,14113867,20891882343.00,274839,1551.00,1114.85),(167,1,'2025-10-24',1450.00,1459.80,1441.00,1451.60,1448.40,1451.10,1450.25,9700837,14068622023.00,221258,2752.00,1114.85),(168,1,'2025-10-23',1475.00,1482.90,1444.60,1448.40,1465.20,1448.00,1464.71,18707090,27400374843.00,376220,2752.00,1114.85),(169,1,'2025-10-21',1468.00,1474.00,1460.00,1465.20,1466.80,1461.00,1467.87,2066169,3032861643.00,86819,2752.00,1114.85),(170,1,'2025-10-20',1440.00,1473.80,1433.30,1466.80,1416.80,1467.90,1461.76,24721978,36137673258.00,512798,2752.00,1114.85),(171,1,'2025-10-17',1401.00,1423.30,1399.10,1416.80,1398.30,1419.10,1413.78,19335561,27336205033.00,350761,2760.15,1114.85),(172,1,'2025-10-16',1375.10,1400.50,1375.00,1398.30,1374.30,1398.50,1387.20,12315932,17084636047.00,287913,2760.15,1114.85),(173,1,'2025-10-15',1383.00,1384.00,1372.70,1374.30,1375.90,1374.70,1377.15,10882743,14987155897.00,239811,2760.15,1114.85),(174,1,'2025-10-14',1380.00,1388.00,1370.10,1375.90,1375.00,1374.90,1377.47,9768174,13455395765.00,164937,2760.15,1114.85),(175,1,'2025-10-13',1376.90,1377.70,1367.80,1375.00,1381.70,1376.00,1372.70,7600682,10433492494.00,175585,2760.15,1114.85),(176,1,'2025-10-10',1377.80,1388.00,1375.10,1381.70,1377.80,1380.90,1383.21,6373084,8815317323.00,193985,2802.00,1114.85),(177,1,'2025-10-09',1374.00,1380.00,1369.10,1377.80,1367.40,1376.50,1376.25,8826633,12147669214.00,217890,2802.00,1114.85),(178,1,'2025-10-08',1384.80,1389.00,1364.50,1367.40,1384.80,1367.30,1371.62,8525081,11693212975.00,214245,2802.00,1114.85),(179,1,'2025-10-07',1376.00,1395.90,1375.90,1384.80,1375.00,1384.50,1386.79,11244040,15593176402.00,196055,2802.00,1114.85),(180,1,'2025-10-06',1360.00,1377.40,1359.00,1375.00,1363.40,1374.90,1367.85,12396580,16956655218.00,184550,2802.00,1114.85),(181,1,'2025-10-03',1363.20,1371.60,1356.90,1363.40,1368.70,1363.30,1362.13,12842347,17492914974.00,216161,3049.95,1114.85),(182,1,'2025-10-01',1367.00,1378.60,1362.70,1368.70,1364.00,1370.00,1369.56,12045916,16497635567.00,258017,3049.95,1114.85),(183,1,'2025-09-30',1377.10,1377.10,1362.80,1364.00,1372.80,1364.00,1366.52,14604684,19957582305.00,223375,3049.95,1114.85),(184,1,'2025-09-29',1381.60,1389.00,1368.00,1372.80,1377.60,1376.00,1375.78,14231999,19580110794.00,213268,3049.95,1114.85),(185,1,'2025-09-26',1372.00,1382.70,1366.00,1377.60,1372.40,1379.00,1376.37,9879109,13597342647.00,148644,3066.95,1114.85),(186,1,'2025-09-25',1381.30,1384.50,1369.00,1372.40,1383.00,1374.80,1375.53,11411143,15696373894.00,155102,3066.95,1114.85),(187,1,'2025-09-24',1385.30,1396.00,1380.40,1383.00,1389.80,1381.10,1387.32,5922759,8216778018.00,120399,3066.95,1114.85),(188,1,'2025-09-23',1391.00,1395.00,1376.80,1389.80,1390.60,1390.50,1387.57,14014702,19446355039.00,210931,3066.95,1114.85),(189,1,'2025-09-22',1403.90,1410.70,1388.00,1390.60,1407.40,1390.90,1400.91,7757970,10868228761.00,136991,3066.95,1114.85),(190,1,'2025-09-19',1414.90,1417.00,1403.60,1407.40,1415.00,1407.60,1408.43,13461373,18959342246.00,143644,3066.95,1114.85),(191,1,'2025-09-18',1420.40,1422.00,1410.70,1415.00,1413.80,1415.00,1415.31,9332642,13208589778.00,182559,3066.95,1114.85),(192,1,'2025-09-17',1407.00,1416.20,1406.90,1413.80,1405.30,1413.00,1412.05,7519417,10617806261.00,189638,3066.95,1114.85),(193,1,'2025-09-16',1404.70,1408.00,1398.20,1405.30,1399.30,1405.90,1404.00,8686961,12196451860.00,170452,3066.95,1114.85),(194,1,'2025-09-15',1393.00,1400.80,1388.60,1399.30,1395.00,1399.30,1395.97,5396697,7533635758.00,130728,3066.95,1114.85),(195,1,'2025-09-12',1383.30,1396.30,1380.50,1395.00,1383.30,1395.00,1392.69,7403368,10310608460.00,156369,3066.95,1114.85),(196,1,'2025-09-11',1376.00,1385.50,1375.00,1383.30,1377.00,1382.10,1382.49,9766072,13501479259.00,173431,3066.95,1114.85),(197,1,'2025-09-10',1383.90,1388.50,1374.10,1377.00,1376.20,1377.50,1380.12,7790815,10752266849.00,222655,3066.95,1114.85),(198,1,'2025-09-09',1376.60,1381.20,1368.70,1376.20,1378.50,1376.10,1375.44,9754452,13416675657.00,209637,3066.95,1114.85),(199,1,'2025-09-08',1380.00,1386.00,1372.40,1378.50,1375.00,1378.90,1379.43,6986720,9637680457.00,131052,3066.95,1114.85),(200,1,'2025-09-05',1363.00,1381.00,1359.30,1375.00,1359.30,1375.70,1370.36,5777575,7917373816.00,142951,3066.95,1114.85),(201,1,'2025-09-04',1371.80,1374.00,1357.10,1359.30,1372.60,1359.10,1363.97,13223177,18035988834.00,200473,3066.95,1114.85),(202,1,'2025-09-03',1369.70,1376.50,1360.50,1372.60,1366.50,1372.00,1368.85,7847563,10742161678.00,209277,3066.95,1114.85),(203,1,'2025-09-02',1354.80,1384.50,1354.50,1366.50,1353.90,1367.50,1374.28,11517006,15827620364.00,235433,3066.95,1114.85),(204,1,'2025-09-01',1356.00,1363.20,1340.60,1353.90,1357.20,1355.00,1353.99,11232238,15208377269.00,249574,3066.95,1114.85),(205,1,'2025-08-29',1381.10,1403.50,1350.00,1357.20,1385.90,1356.00,1375.14,18758842,25796085388.00,348532,3079.45,1114.85),(206,1,'2025-08-28',1389.90,1392.20,1366.50,1385.90,1384.90,1390.90,1380.78,13161813,18173599832.00,252423,3079.45,1114.85),(207,1,'2025-08-26',1408.00,1410.00,1381.60,1384.90,1412.60,1383.80,1390.78,12145259,16891359345.00,201578,3079.45,1114.85),(208,1,'2025-08-25',1414.70,1419.50,1405.70,1412.60,1409.20,1413.70,1412.48,5979407,8445789682.00,184067,3079.45,1114.85),(209,1,'2025-08-22',1420.00,1423.40,1407.90,1409.20,1424.80,1409.90,1414.00,5818868,8227876997.00,137165,3079.45,1114.85),(210,1,'2025-08-21',1425.00,1431.90,1420.30,1424.80,1413.00,1424.30,1427.55,11021323,15733474504.00,231863,3079.45,1114.85),(211,1,'2025-08-20',1413.00,1424.90,1410.00,1413.00,1420.10,1412.00,1418.58,8725641,12377983950.00,196554,3079.45,1114.85),(212,1,'2025-08-19',1390.00,1421.00,1389.10,1420.10,1381.70,1421.00,1413.60,14384719,20334296972.00,288664,3079.45,1114.85),(213,1,'2025-08-18',1390.00,1394.90,1377.00,1381.70,1373.80,1382.90,1384.21,11785109,16313018770.00,319844,3079.45,1114.85),(214,1,'2025-08-14',1377.30,1380.70,1370.10,1373.80,1382.60,1372.90,1375.17,7126128,9799629520.00,175588,3079.45,1114.85),(215,1,'2025-08-13',1388.00,1391.80,1377.50,1382.60,1380.40,1384.00,1384.19,7457021,10321969059.00,208576,3079.45,1114.85),(216,1,'2025-08-12',1381.90,1401.90,1375.20,1380.40,1386.20,1381.00,1386.76,12244664,16980368560.00,179433,3079.45,1114.85),(217,1,'2025-08-11',1370.00,1388.00,1361.20,1386.20,1367.80,1384.60,1375.78,9997486,13754351257.00,226304,3079.45,1114.85),(218,1,'2025-08-08',1385.00,1397.20,1365.00,1367.80,1389.40,1366.20,1374.93,8793606,12090591568.00,208137,3079.45,1114.85),(219,1,'2025-08-07',1387.70,1393.70,1366.00,1389.40,1392.80,1391.00,1381.52,9976705,13783047744.00,293767,3079.45,1114.85),(220,1,'2025-08-06',1391.90,1395.90,1383.30,1392.80,1391.70,1393.00,1390.57,5834312,8113006686.00,156725,3079.45,1114.85),(221,1,'2025-08-05',1411.00,1411.00,1388.10,1391.70,1411.50,1390.00,1394.50,9315972,12991163047.00,238858,3079.45,1114.85),(222,1,'2025-08-04',1395.10,1416.10,1391.70,1411.50,1393.70,1410.20,1410.61,6312820,8904907901.00,188246,3079.45,1114.85),(223,1,'2025-08-01',1386.90,1405.90,1384.30,1393.70,1390.20,1394.10,1397.47,10321171,14423488952.00,208431,3079.45,1114.85),(224,1,'2025-07-31',1388.10,1402.60,1382.20,1390.20,1410.10,1390.00,1392.63,17065827,23766374015.00,373516,3079.45,1114.85),(225,1,'2025-07-30',1418.10,1423.30,1401.30,1410.10,1417.10,1409.70,1411.50,7209849,10176719971.00,167311,3079.45,1114.85),(226,1,'2025-07-29',1383.00,1420.20,1383.00,1417.10,1387.60,1416.60,1402.99,10750072,15082211933.00,187813,3079.45,1114.85),(227,1,'2025-07-28',1392.30,1407.80,1385.00,1387.60,1391.70,1387.10,1394.17,7748361,10802552328.00,198421,3079.45,1114.85),(228,1,'2025-07-25',1398.90,1401.00,1384.10,1391.70,1402.90,1392.40,1394.22,11854722,16528044234.00,237018,3079.45,1114.85),(229,1,'2025-07-24',1419.20,1423.00,1396.00,1402.90,1424.60,1402.80,1407.06,14740507,20740788758.00,314670,3079.45,1114.85),(230,1,'2025-07-23',1426.00,1426.00,1414.40,1424.60,1412.80,1425.00,1421.41,8354596,11875315135.00,225103,3079.45,1114.85),(231,1,'2025-07-22',1427.40,1431.90,1410.70,1412.80,1428.60,1413.80,1417.05,20396320,28902700383.00,504145,3079.45,1114.85),(232,1,'2025-07-21',1465.00,1476.00,1423.10,1428.60,1476.00,1428.20,1435.24,22442744,32210751694.00,630358,3079.45,1114.85),(233,1,'2025-07-18',1484.80,1484.80,1469.10,1476.00,1476.40,1476.00,1475.20,10296318,15189104342.00,222241,3211.70,1114.85),(234,1,'2025-07-17',1487.40,1489.60,1473.90,1476.40,1485.60,1478.70,1479.78,11854613,17542205686.00,189733,3211.70,1114.85),(235,1,'2025-07-16',1473.00,1491.00,1471.50,1485.60,1485.40,1486.20,1481.43,10409983,15421636575.00,191598,3211.70,1114.85),(236,1,'2025-07-15',1486.20,1496.50,1482.40,1485.40,1483.70,1488.50,1487.92,8132454,12100448373.00,173756,3211.70,1114.85),(237,1,'2025-07-14',1492.20,1500.00,1479.10,1483.70,1495.20,1486.40,1487.76,10311846,15341529535.00,186122,3211.70,1114.85),(238,1,'2025-07-11',1512.00,1515.00,1490.30,1495.20,1517.20,1495.00,1496.06,7234991,10823982872.00,178490,3217.60,1114.85),(239,1,'2025-07-10',1519.70,1524.70,1507.50,1517.20,1519.00,1515.20,1516.20,10047129,15233458376.00,289035,3217.60,1114.85),(240,1,'2025-07-09',1536.70,1551.00,1510.10,1519.00,1537.60,1520.50,1532.97,8870660,13598441339.00,254524,3217.60,1114.85),(241,1,'2025-07-08',1536.00,1544.90,1530.20,1537.60,1541.50,1538.00,1536.23,7171261,11016684352.00,191265,3217.60,1114.85),(242,1,'2025-07-07',1526.60,1544.80,1525.00,1541.50,1527.30,1540.50,1539.06,7251074,11159858746.00,205134,3217.60,1114.85),(243,1,'2025-07-04',1524.00,1530.00,1517.20,1527.30,1517.80,1528.10,1523.57,6603501,10060908691.00,167255,3217.60,1114.85),(244,1,'2025-07-03',1520.80,1531.90,1513.00,1517.80,1518.80,1515.00,1520.57,11283291,17156979937.00,258008,3217.60,1114.85),(245,1,'2025-07-02',1528.40,1530.00,1508.70,1518.80,1528.40,1517.10,1518.29,6361002,9657844399.00,183873,3217.60,1114.85),(246,1,'2025-07-01',1500.60,1531.40,1500.10,1528.40,1500.60,1526.80,1522.95,10368523,15790750945.00,232573,3217.60,1114.85),(247,1,'2025-06-30',1513.80,1524.80,1496.00,1500.60,1515.40,1499.90,1509.28,8409527,12692329820.00,242195,3217.60,1114.85),(248,2,'2026-06-30',806.10,806.10,792.75,797.95,798.90,800.45,798.65,45778356,36561096125.00,507833,2037.70,726.65),(249,2,'2026-06-29',800.00,805.90,793.30,798.90,796.30,797.05,799.29,46695977,37323637058.00,421982,2037.70,726.65),(250,2,'2026-06-25',798.50,804.45,794.75,796.30,793.20,796.00,799.35,46707966,37336168879.00,467329,2037.70,726.65),(251,2,'2026-06-24',773.00,794.90,772.65,793.20,774.65,792.80,788.60,34701292,27365290725.00,320163,2037.70,726.65),(252,2,'2026-06-23',783.05,790.90,772.55,774.65,786.40,772.60,781.94,28289062,22120296632.00,273325,2037.70,726.65),(253,2,'2026-06-22',789.90,789.90,783.10,786.40,779.80,785.60,786.71,25194765,19820893965.00,257091,2037.70,726.65),(254,2,'2026-06-19',788.70,789.05,776.20,779.80,799.00,781.00,780.80,33798761,26389948086.00,342920,2037.70,726.65),(255,2,'2026-06-18',786.50,802.95,786.20,799.00,787.10,800.80,797.21,41492071,33077950871.00,386510,2037.70,726.65),(256,2,'2026-06-17',787.65,794.30,783.10,787.10,784.90,787.00,788.39,32405604,25548397540.00,466023,2037.70,726.65),(257,2,'2026-06-16',780.50,787.70,779.45,784.90,777.35,784.75,784.34,27820970,21821164302.00,334802,2037.70,726.65),(258,2,'2026-06-15',790.00,793.50,775.60,777.35,772.45,777.45,783.75,39990334,31342600344.00,410968,2037.70,726.65),(259,2,'2026-06-12',754.70,774.45,753.10,772.45,744.60,771.95,764.47,36088159,27588217228.00,424418,2037.70,726.65),(260,2,'2026-06-11',743.00,756.00,740.10,744.60,746.85,745.30,746.84,32632007,24370845119.00,262963,2037.70,726.65),(261,2,'2026-06-10',736.50,755.95,736.40,746.85,738.35,747.80,744.98,44458159,33120648230.00,323114,2037.70,726.65),(262,2,'2026-06-09',739.45,743.95,732.30,738.35,738.65,739.70,738.36,38539563,28456251129.00,346855,2037.70,726.65),(263,2,'2026-06-08',738.00,741.50,734.50,738.65,747.05,738.00,738.38,21550700,15912698807.00,307762,2037.70,726.65),(264,2,'2026-06-05',753.95,758.70,744.65,747.05,754.20,748.20,750.42,22116568,16596636749.00,214858,2037.70,726.65),(265,2,'2026-06-04',749.15,757.30,745.00,754.20,753.65,753.25,751.95,42673538,32088355961.00,385239,2037.70,726.65),(266,2,'2026-06-03',744.45,756.90,742.60,753.65,748.25,753.00,748.83,36109480,27039736379.00,555057,2037.70,726.65),(267,2,'2026-06-02',737.00,753.60,733.15,748.25,742.70,749.15,745.07,47314447,35252489656.00,423085,2037.70,726.65),(268,2,'2026-06-01',749.00,752.35,739.20,742.70,744.55,742.50,743.70,47996441,35695084063.00,364744,2037.70,726.65),(269,2,'2026-05-29',746.05,760.50,737.75,744.55,758.65,747.25,747.79,101299431,75750325248.00,582913,2037.70,726.65),(270,2,'2026-05-27',769.50,773.90,756.90,758.65,778.90,759.15,762.18,63680153,48535704653.00,603423,2037.70,726.65),(271,2,'2026-05-26',784.05,790.85,776.75,778.90,786.85,780.25,783.86,31528062,24713457734.00,268365,2037.70,726.65),(272,2,'2026-05-25',776.00,787.85,775.20,786.85,766.80,787.45,783.84,26043952,20414323482.00,340237,2037.70,726.65),(273,2,'2026-05-22',759.15,775.00,759.15,766.80,759.15,769.00,768.46,25604071,19675629937.00,254373,2037.70,726.65),(274,2,'2026-05-21',767.00,768.25,755.15,759.15,759.50,758.80,760.54,34664725,26363966148.00,300382,2037.70,726.65),(275,2,'2026-05-20',759.60,762.25,755.15,759.50,762.45,760.10,759.21,24013451,18231201059.00,334493,2037.70,726.65),(276,2,'2026-05-19',766.70,770.80,760.25,762.45,768.65,762.80,765.85,40307830,30869653334.00,414780,2037.70,726.65),(277,2,'2026-05-18',759.00,774.10,751.35,768.65,767.50,768.80,765.63,29812079,22825015391.00,396597,2037.70,726.65),(278,2,'2026-05-15',773.00,781.90,765.40,767.50,769.55,770.00,774.13,24347873,18848426198.00,268604,2037.70,726.65),(279,2,'2026-05-14',751.00,778.30,747.00,769.55,749.60,770.10,767.26,50992358,39124647345.00,521121,2037.70,726.65),(280,2,'2026-05-13',752.00,759.95,747.35,749.60,750.45,749.15,752.96,28960919,21806358980.00,395816,2037.70,726.65),(281,2,'2026-05-12',756.60,759.70,747.80,750.45,763.65,755.00,753.71,43937132,33115812661.00,782428,2037.70,726.65),(282,2,'2026-05-11',771.95,774.85,761.90,763.65,780.85,766.25,769.20,41123422,31632311080.00,446831,2037.70,726.65),(283,2,'2026-05-08',784.00,788.75,777.20,780.85,796.05,781.00,781.63,38016841,29715255302.00,386448,2037.70,726.65),(284,2,'2026-05-07',794.00,801.55,788.55,796.05,796.55,795.55,795.15,46137553,36686370165.00,369255,2037.70,726.65),(285,2,'2026-05-06',775.15,798.95,773.50,796.55,772.30,796.00,785.36,35530831,27904417067.00,402081,2037.70,726.65),(286,2,'2026-05-05',774.40,776.90,763.70,772.30,779.40,773.20,771.31,38887657,29994377837.00,491093,2037.70,726.65),(287,2,'2026-05-04',772.60,786.60,772.60,779.40,771.70,779.50,779.72,29028060,22633711388.00,382758,2037.70,726.65),(288,2,'2026-04-30',770.00,778.80,762.25,771.70,779.00,774.75,770.36,47998755,36976352717.00,568313,2037.70,726.65),(289,2,'2026-04-29',785.50,790.00,777.35,779.00,782.55,778.30,783.90,25799963,20224713818.00,468032,2037.70,726.65),(290,2,'2026-04-28',785.00,794.50,778.30,782.55,789.80,782.35,786.39,35366803,27812242541.00,333592,2037.70,726.65),(291,2,'2026-04-27',787.50,793.00,785.00,789.80,784.85,790.00,789.16,18115375,14295937140.00,278374,2037.70,726.65),(292,2,'2026-04-24',777.30,787.60,777.00,784.85,784.35,785.15,782.99,27720358,21704772419.00,363338,2037.70,726.65),(293,2,'2026-04-23',792.00,796.65,782.50,784.35,799.90,783.90,788.13,37677616,29694861382.00,490484,2037.70,726.65),(294,2,'2026-04-22',810.00,813.05,798.00,799.90,811.75,799.40,804.11,23876412,19199237338.00,278743,2037.70,726.65),(295,2,'2026-04-21',795.20,814.90,795.20,811.75,795.45,812.00,808.97,49135752,39749281377.00,386140,2037.70,726.65),(296,2,'2026-04-20',797.10,809.95,790.00,795.45,799.90,795.20,796.95,52148044,41559315743.00,550200,2037.70,726.65),(297,2,'2026-04-17',790.10,803.95,788.20,799.90,795.45,800.00,799.40,37282544,29803842840.00,329801,2037.70,726.65),(298,2,'2026-04-16',818.00,820.05,792.20,795.45,809.90,794.00,802.59,62861293,50452084027.00,512745,2037.70,726.65),(299,2,'2026-04-15',804.95,814.80,804.00,809.90,794.70,810.00,809.73,39769515,32202517377.00,468104,2037.70,726.65),(300,2,'2026-04-13',791.50,798.50,787.35,794.70,810.30,793.00,792.47,47549328,37681570378.00,428978,2037.70,726.65),(301,2,'2026-04-10',804.00,812.25,801.00,810.30,797.70,810.10,809.15,38156026,30873943034.00,384976,2037.70,726.65),(302,2,'2026-04-09',815.00,819.00,793.10,797.70,816.10,798.00,800.68,48879392,39136741055.00,532333,2037.70,726.65),(303,2,'2026-04-08',800.00,817.80,796.00,816.10,772.00,817.50,809.87,70269512,56909358152.00,561769,2037.70,726.65),(304,2,'2026-04-07',766.00,774.00,761.00,772.00,771.00,772.40,768.18,51309793,39415068156.00,777553,2037.70,726.65),(305,2,'2026-04-06',759.00,772.75,745.00,771.00,750.90,770.90,759.21,42976659,32628140430.00,626168,2037.70,726.65),(306,2,'2026-04-02',730.00,755.00,726.65,750.90,742.25,751.00,740.56,49310300,36517173048.00,618264,2037.70,726.65),(307,2,'2026-04-01',743.00,755.90,739.10,742.25,731.55,744.00,745.52,78862761,58794104726.00,617196,2037.70,726.65),(308,2,'2026-03-30',745.20,751.00,726.65,731.55,756.20,735.00,737.88,103500135,76370180749.00,787374,2037.70,726.65),(309,2,'2026-03-27',773.20,774.90,754.55,756.20,782.30,757.95,761.30,65485199,49853660405.00,699107,2037.70,741.05),(310,2,'2026-03-25',768.20,794.80,768.20,782.30,764.90,780.10,785.22,59230640,46508923124.00,628380,2037.70,741.05),(311,2,'2026-03-24',755.00,772.75,747.70,764.90,744.15,766.50,761.63,61269986,46665356241.00,626314,2037.70,741.05),(312,2,'2026-03-23',763.15,768.70,741.05,744.15,780.45,742.30,752.37,72341738,54427519735.00,872248,2037.70,741.05),(313,2,'2026-03-20',785.00,793.75,778.20,780.45,798.20,781.00,784.12,103129469,80865860514.00,963682,2037.70,770.00),(314,2,'2026-03-19',770.00,815.65,770.00,798.20,843.05,800.00,801.78,171637393,138000000000.00,1439390,2037.70,770.00),(315,2,'2026-03-18',845.35,846.80,831.60,843.05,845.35,842.00,840.38,23507063,19754916389.00,294181,2037.70,812.00),(316,2,'2026-03-17',847.70,848.90,835.10,845.35,840.60,842.80,843.42,38826979,32747578708.00,457590,2037.70,812.00),(317,2,'2026-03-16',817.00,844.50,815.65,840.60,817.00,838.80,832.00,52182605,43415902027.00,497371,2037.70,812.00),(318,2,'2026-03-13',820.00,823.80,812.00,817.00,832.75,816.70,817.73,41700464,34099871018.00,542628,2037.70,812.00),(319,2,'2026-03-12',820.10,836.40,820.10,832.75,833.95,833.30,831.86,46107561,38354969893.00,683178,2037.70,820.10),(320,2,'2026-03-11',845.00,848.85,827.60,833.95,849.45,834.40,834.32,42261076,35259318338.00,580385,2037.70,821.50),(321,2,'2026-03-10',850.05,856.80,840.60,849.45,840.70,849.00,849.47,52866024,44907944294.00,475796,2037.70,821.50),(322,2,'2026-03-09',825.00,842.45,821.50,840.70,857.05,839.10,833.63,35592613,29670987892.00,420429,2037.70,821.50),(323,2,'2026-03-06',868.05,871.70,855.10,857.05,877.75,857.20,862.50,34439647,29704205809.00,706964,2037.70,848.00),(324,2,'2026-03-05',873.85,881.40,863.50,877.75,868.65,875.10,873.44,31324582,27360019475.00,281674,2037.70,848.00),(325,2,'2026-03-04',848.00,879.30,848.00,868.65,879.40,869.00,866.00,39862322,34520891228.00,456224,2037.70,848.00),(326,2,'2026-03-02',876.20,887.75,871.55,879.40,887.75,882.10,879.38,38378924,33749754118.00,401981,2037.70,871.55),(327,2,'2026-02-27',898.60,898.95,885.00,887.75,898.60,887.45,889.69,34620755,30801652275.00,411801,2037.70,885.00),(328,2,'2026-02-26',912.00,912.00,895.00,898.60,907.60,896.00,901.32,41165937,37103636109.00,502649,2037.70,895.00),(329,2,'2026-02-25',910.55,916.00,903.10,907.60,910.50,907.40,909.00,27884303,25346943106.00,323744,2037.70,901.00),(330,2,'2026-02-24',927.95,927.95,909.15,910.50,923.60,911.50,915.33,31313985,28662510212.00,298283,2037.70,901.00),(331,2,'2026-02-23',916.50,925.65,915.25,923.60,911.85,924.10,921.17,23270122,21435660334.00,228672,2037.70,901.00),(332,2,'2026-02-20',911.00,917.85,908.40,911.85,915.60,913.15,913.52,22654907,20695810499.00,295931,2037.70,901.00),(333,2,'2026-02-19',929.00,929.20,912.45,915.60,924.70,914.30,918.86,21209234,19488260011.00,297364,2037.70,901.00),(334,2,'2026-02-18',923.20,925.50,919.55,924.70,925.70,923.70,922.79,12738702,11755117113.00,217327,2037.70,901.00),(335,2,'2026-02-17',923.00,928.10,918.60,925.70,925.80,926.45,925.32,22599629,20911878080.00,337196,2037.70,901.00),(336,2,'2026-02-16',903.90,929.50,902.10,925.80,903.90,925.50,922.18,18806989,17343514575.00,309517,2037.70,901.00),(337,2,'2026-02-13',913.00,928.20,901.00,903.90,920.60,903.90,912.26,50188359,45784829506.00,361977,2037.70,901.00),(338,2,'2026-02-12',927.00,928.60,918.50,920.60,927.10,919.75,922.37,33872203,31242614793.00,425115,2037.70,905.00),(339,2,'2026-02-11',931.25,936.00,925.30,927.10,932.40,926.80,928.91,24869804,23101739084.00,368828,2037.70,905.00),(340,2,'2026-02-10',930.00,940.90,929.95,932.40,937.25,932.60,933.93,31525385,29442615463.00,408707,2037.70,905.00),(341,2,'2026-02-09',945.00,950.00,935.35,937.25,941.10,938.80,938.27,23947829,22469573398.00,274371,2037.70,905.00),(342,2,'2026-02-06',945.00,948.10,937.60,941.10,949.70,941.00,941.73,18120272,17064339109.00,423858,2037.70,905.00),(343,2,'2026-02-05',956.00,956.05,946.70,949.70,953.10,949.70,950.22,28103169,26704314509.00,372775,2037.70,905.00),(344,2,'2026-02-04',952.50,957.20,947.95,953.10,948.70,949.00,952.91,24366770,23219430283.00,251099,2037.70,905.00),(345,2,'2026-02-03',983.75,994.00,945.00,948.70,928.10,947.65,954.45,50336968,48043934758.00,490165,2037.70,905.00),(346,2,'2026-02-02',915.00,929.80,909.30,928.10,922.10,928.10,924.14,28032106,25905516823.00,387552,2037.70,905.00),(347,2,'2026-02-01',932.00,939.65,912.65,922.10,929.25,918.05,929.20,9856486,9158689991.00,146417,2037.70,905.00),(348,2,'2026-01-30',930.00,938.90,927.75,929.25,935.50,929.00,931.84,29691233,27667370875.00,251637,2037.70,905.00),(349,2,'2026-01-29',930.10,939.30,924.35,935.50,932.70,935.00,933.24,37175628,34693741736.00,420812,2037.70,905.00),(350,2,'2026-01-28',932.50,941.45,928.40,932.70,926.40,932.40,934.95,35347138,33047787225.00,272519,2037.70,905.00),(351,2,'2026-01-27',906.00,931.20,905.00,926.40,916.10,928.00,917.11,44753093,41043445636.00,483204,2037.70,905.00),(352,2,'2026-01-23',920.00,926.10,909.25,916.10,918.70,915.80,916.45,30985247,28396480019.00,335766,2037.70,909.25),(353,2,'2026-01-22',928.00,928.30,913.20,918.70,920.35,921.00,918.56,44444755,40825301055.00,572341,2037.70,913.20),(354,2,'2026-01-21',925.00,932.15,915.50,920.35,931.20,921.00,924.64,32766854,30297528336.00,351406,2037.70,915.50),(355,2,'2026-01-20',929.30,934.50,919.60,931.20,927.90,930.50,930.12,36022727,33505544795.00,357134,2037.70,919.20),(356,2,'2026-01-19',935.90,936.15,919.50,927.90,931.10,925.95,927.58,38191942,35426072966.00,432335,2037.70,919.20),(357,2,'2026-01-16',922.00,935.95,919.20,931.10,925.45,930.55,929.18,37780235,35104452366.00,361119,2037.70,919.20),(358,2,'2026-01-14',930.00,940.05,920.20,925.45,937.35,925.00,929.85,36688248,34114424013.00,306076,2037.70,920.20),(359,2,'2026-01-13',947.70,947.70,932.60,937.35,936.95,934.75,940.27,32042827,30129021006.00,348726,2037.70,929.60),(360,2,'2026-01-12',937.50,942.00,929.60,936.95,939.00,936.40,936.87,21071666,19741346998.00,282222,2037.70,929.60),(361,2,'2026-01-09',945.00,950.60,933.30,939.00,946.70,939.00,940.91,38183839,35927536460.00,324301,2037.70,933.30),(362,2,'2026-01-08',944.70,953.00,941.40,946.70,949.05,948.00,947.59,21928849,20779638865.00,316595,2037.70,939.10),(363,2,'2026-01-07',956.00,956.45,946.00,949.05,962.20,950.25,950.10,52884712,50245738780.00,414168,2037.70,939.10),(364,2,'2026-01-06',962.70,966.70,956.00,962.20,977.50,962.95,962.45,31988783,30787569133.00,459604,2037.70,939.10),(365,2,'2026-01-05',1005.75,1006.40,976.30,977.50,1001.60,978.50,984.33,27647379,27214119284.00,382990,2037.70,939.10),(366,2,'2026-01-02',991.15,1003.20,988.80,1001.60,991.15,1000.25,998.46,11751459,11733333130.00,178613,2037.70,939.10),(367,2,'2026-01-01',993.50,997.55,989.50,991.15,991.20,991.15,991.88,7132074,7074147526.00,126886,2037.70,939.10),(368,2,'2025-12-31',991.00,997.60,987.60,991.20,990.90,992.90,992.61,10963454,10882483821.00,193549,2037.70,939.10),(369,2,'2025-12-30',990.20,995.00,982.20,990.90,991.70,995.00,989.16,33155849,32796279701.00,393869,2037.70,939.10),(370,2,'2025-12-29',993.10,997.40,987.20,991.70,992.10,992.80,991.31,13545749,13427999756.00,190711,2037.70,939.10),(371,2,'2025-12-26',996.00,997.20,987.70,992.10,997.20,992.00,992.32,9360853,9288952053.00,196688,2037.70,939.10),(372,2,'2025-12-24',993.00,999.40,993.00,997.20,996.60,995.30,996.34,13699996,13649827358.00,203107,2037.70,939.10),(373,2,'2025-12-23',990.50,998.90,987.70,996.60,987.70,997.00,994.81,17927849,17834864449.00,227121,2037.70,939.10),(374,2,'2025-12-22',988.00,992.90,983.90,987.70,985.50,987.20,987.63,13540411,13372875583.00,253393,2037.70,939.10),(375,2,'2025-12-19',987.00,988.00,978.70,985.50,979.70,985.20,984.91,25952384,25560667946.00,246675,2037.70,939.10),(376,2,'2025-12-18',973.30,987.40,973.30,979.70,984.00,980.00,981.48,14912404,14636196743.00,412559,2037.70,939.10),(377,2,'2025-12-17',996.00,996.00,980.80,984.00,994.30,985.20,985.22,19080922,18798880244.00,288605,2037.70,939.10),(378,2,'2025-12-16',990.10,998.70,990.10,994.30,996.10,994.20,994.74,20049088,19943698734.00,307140,2037.70,939.10),(379,2,'2025-12-15',992.00,1001.80,992.00,996.10,1001.50,995.00,995.95,9790060,9750388374.00,182612,2037.70,939.10),(380,2,'2025-12-12',1003.00,1004.70,998.20,1001.50,1000.30,1002.90,1001.52,11988618,12006883854.00,153825,2037.70,939.10),(381,2,'2025-12-11',990.00,1002.70,988.50,1000.30,989.80,999.90,996.96,11844809,11808832354.00,177935,2037.70,939.10),(382,2,'2025-12-10',997.50,998.50,985.30,989.80,997.10,990.40,990.90,15322830,15183409188.00,275347,2037.70,939.10),(383,2,'2025-12-09',994.90,1002.80,994.00,997.10,1003.10,997.00,998.68,15294322,15274186067.00,206598,2037.70,939.10),(384,2,'2025-12-08',1000.00,1006.50,997.50,1003.10,1003.30,1001.80,1002.21,12901022,12929480948.00,219872,2037.70,939.10),(385,2,'2025-12-05',992.00,1008.00,990.20,1003.30,997.20,1001.20,1000.86,12843366,12854350197.00,192024,2037.70,939.10),(386,2,'2025-12-04',1000.00,1004.70,993.00,997.20,1000.50,998.50,998.28,14528169,14503248744.00,241847,2037.70,939.10),(387,2,'2025-12-03',986.00,1002.30,986.00,1000.50,989.80,1000.10,993.84,15448777,15353618864.00,222651,2037.70,939.10),(388,2,'2025-12-02',988.00,994.40,985.00,989.80,1002.10,991.40,990.24,27316662,27050186723.00,363303,2037.70,939.10),(389,2,'2025-12-01',1017.50,1017.50,999.30,1002.10,1007.60,1002.90,1005.66,16746566,16841329243.00,282719,2037.70,939.10),(390,2,'2025-11-28',1007.00,1012.05,1004.20,1007.60,1009.50,1006.70,1008.93,15988807,16131518093.00,178196,2037.70,939.10),(391,2,'2025-11-27',1002.10,1016.80,1001.00,1009.50,1003.90,1009.05,1010.95,25536848,25816356116.00,313073,2037.70,939.10),(392,2,'2025-11-26',981.30,1006.95,981.30,1003.90,989.80,1005.00,999.58,19494356,19486197444.00,207998,2037.70,939.10),(393,2,'2025-11-25',1004.00,1006.10,988.40,989.80,999.15,989.45,995.08,24989383,24866505642.00,275451,2037.70,939.10),(394,2,'2025-11-24',1000.00,1011.45,993.60,999.15,998.05,997.85,1001.79,32204053,32261618762.00,280226,2037.70,939.10),(395,2,'2025-11-21',1003.10,1008.30,996.55,998.05,1008.85,998.00,1001.07,17499897,17518694760.00,271649,2037.70,939.10),(396,2,'2025-11-20',995.30,1011.60,992.45,1008.85,994.60,1008.60,1003.81,19850865,19926417239.00,254686,2037.70,939.10),(397,2,'2025-11-19',990.00,996.55,984.00,994.60,992.45,994.80,989.67,19813847,19609199278.00,201324,2037.70,939.10),(398,2,'2025-11-18',997.65,999.00,990.00,992.45,996.55,990.85,994.68,20002640,19896287880.00,217914,2037.70,939.10),(399,2,'2025-11-17',991.25,997.95,985.60,996.55,989.60,996.45,993.87,18396408,18283667280.00,197155,2037.70,939.10),(400,2,'2025-11-14',976.05,991.65,976.05,989.60,986.65,989.00,984.95,21386965,21065033481.00,301431,2037.70,939.10),(401,2,'2025-11-13',984.00,990.10,982.60,986.65,989.50,985.75,986.34,14124839,13931855904.00,289471,2037.70,939.10),(402,2,'2025-11-12',998.80,999.00,987.70,989.50,991.70,990.25,992.14,13137263,13034039695.00,166500,2037.70,939.10),(403,2,'2025-11-11',983.50,993.50,978.00,991.70,984.50,992.00,987.26,10200530,10070524484.00,229810,2037.70,939.10),(404,2,'2025-11-10',982.30,990.95,980.20,984.50,982.30,984.60,986.19,15988262,15767386584.00,373004,2037.70,939.10),(405,2,'2025-11-07',980.00,984.90,974.75,982.30,984.65,984.30,979.96,15004568,14703832280.00,315369,2037.70,939.10),(406,2,'2025-11-06',981.00,991.05,974.00,984.65,985.25,987.50,984.48,22279516,21933818396.00,278532,2037.70,939.10),(407,2,'2025-11-04',987.00,997.00,983.70,985.25,992.65,985.70,990.21,20024544,19828527609.00,302828,2037.70,939.10),(408,2,'2025-11-03',985.00,994.55,983.30,992.65,987.30,993.40,991.15,16607180,16460236701.00,288032,2037.70,939.10),(409,2,'2025-10-31',994.00,1004.45,981.15,987.30,998.15,987.95,989.37,23221330,22974558984.00,454775,2037.70,939.10),(410,2,'2025-10-30',1000.00,1009.50,997.10,998.15,1007.85,999.95,1001.53,19962917,19993506579.00,365104,2037.70,939.10),(411,2,'2025-10-29',1004.90,1012.50,1000.00,1007.85,1003.55,1008.50,1007.89,17769445,17909676110.00,281715,2037.70,939.10),(412,2,'2025-10-28',997.65,1008.00,995.00,1003.55,1002.95,1004.90,1001.18,33904289,33944177651.00,423621,2037.70,939.10),(413,2,'2025-10-27',996.50,1009.05,996.20,1002.95,994.75,1003.50,1003.92,15700796,15762265430.00,297938,2037.70,939.10),(414,2,'2025-10-24',1011.00,1011.95,991.30,994.75,1008.80,995.90,999.40,17707768,17697089817.00,362016,2037.70,939.10),(415,2,'2025-10-23',1016.00,1020.50,1006.00,1008.80,1007.70,1006.60,1013.19,43526526,44100430667.00,518216,2037.70,939.10),(416,2,'2025-10-21',1006.00,1010.00,1004.00,1007.70,1002.95,1004.00,1008.15,3471600,3499906215.00,88749,2037.70,939.10),(417,2,'2025-10-20',997.00,1020.00,997.00,1002.95,1002.55,1003.60,1005.08,22195202,22307932791.00,416206,2037.70,939.10),(418,2,'2025-10-17',993.95,1009.00,986.00,1002.55,994.35,1000.60,1001.76,25210511,25254761310.00,371430,2037.70,939.10),(419,2,'2025-10-16',982.65,996.60,981.50,994.35,978.25,993.60,989.28,22936566,22690615843.00,362882,2037.70,939.10),(420,2,'2025-10-15',975.00,984.90,973.35,978.25,977.15,978.50,979.29,23310447,22827742876.00,251500,2037.70,939.10),(421,2,'2025-10-14',970.00,980.45,967.00,977.15,977.00,976.25,975.43,22934382,22370980682.00,217173,2037.70,939.10),(422,2,'2025-10-13',974.30,981.00,972.00,977.00,980.90,977.10,977.15,18634254,18208400782.00,280003,2037.70,939.10),(423,2,'2025-10-10',979.00,986.20,978.10,980.90,977.10,981.45,982.56,13757080,13517176056.00,237034,2037.70,939.10),(424,2,'2025-10-09',974.50,979.00,970.15,977.10,978.70,975.00,976.00,15370950,15001996973.00,213008,2037.70,939.10),(425,2,'2025-10-08',976.00,985.90,974.55,978.70,982.50,977.20,979.57,15939710,15613997664.00,209764,2037.70,939.10),(426,2,'2025-10-07',974.00,989.85,971.00,982.50,973.45,981.80,983.54,25535736,25115433187.00,246182,2037.70,939.10),(427,2,'2025-10-06',971.90,977.40,962.00,973.45,965.15,973.90,973.33,18542683,18048185820.00,242243,2037.70,939.10),(428,2,'2025-10-03',952.00,966.75,952.00,965.15,965.25,963.70,960.81,26658296,25613477190.00,262320,2037.70,939.10),(429,2,'2025-10-01',952.70,969.60,946.00,965.25,951.00,965.80,961.75,25350832,24381070598.00,284713,2037.70,939.10),(430,2,'2025-09-30',958.05,960.00,946.30,951.00,950.30,952.50,951.48,28296687,26923671202.00,254597,2037.70,939.10),(431,2,'2025-09-29',946.05,956.80,939.10,950.30,945.05,953.40,950.17,32398179,30783888582.00,296694,2037.70,939.10),(432,2,'2025-09-26',945.10,951.45,941.30,945.05,949.85,944.25,945.96,14874656,14070786048.00,209563,2037.70,940.00),(433,2,'2025-09-25',952.50,958.00,947.40,949.85,951.05,951.20,952.03,31413279,29906381363.00,256060,2037.70,940.00),(434,2,'2025-09-24',952.20,956.45,943.00,951.05,957.20,951.00,949.21,15117220,14349411270.00,248417,2037.70,940.00),(435,2,'2025-09-23',967.00,968.20,955.50,957.20,964.20,958.45,960.10,21022298,20183427173.00,190721,2037.70,940.00),(436,2,'2025-09-22',964.00,971.20,961.95,964.20,966.90,965.40,966.40,10854415,10489724996.00,139126,2037.70,940.00),(437,2,'2025-09-19',974.90,976.70,962.10,966.90,976.90,967.00,967.22,31243267,30219230008.00,220137,2037.70,940.00),(438,2,'2025-09-18',973.30,979.65,969.25,976.90,966.50,976.00,974.66,17791598,17340847522.00,267040,2037.70,940.00),(439,2,'2025-09-17',965.15,974.40,964.35,966.50,966.85,967.00,968.39,17361476,16812655778.00,269236,2037.70,940.00),(440,2,'2025-09-16',961.20,969.35,961.20,966.85,967.05,966.30,966.32,18661794,18033279293.00,201920,2037.70,940.00),(441,2,'2025-09-15',969.60,972.35,965.00,967.05,967.30,966.10,968.58,14486377,14031209536.00,198502,2037.70,940.00),(442,2,'2025-09-12',969.90,970.75,962.25,967.30,967.80,966.90,966.65,14363519,13884430848.00,265851,2037.70,940.00),(443,2,'2025-09-11',960.30,969.25,959.90,967.80,965.90,966.50,965.95,15113633,14598945433.00,220801,2037.70,940.00),(444,2,'2025-09-10',973.90,973.90,961.70,965.90,965.15,965.50,966.21,18091100,17479779505.00,218336,2037.70,940.00),(445,2,'2025-09-09',974.00,974.40,962.70,965.15,966.00,966.45,967.81,13985539,13535396477.00,181800,2037.70,940.00),(446,2,'2025-09-08',969.00,973.15,960.45,966.00,963.40,967.35,967.58,11711307,11331677356.00,193535,2037.70,940.00),(447,2,'2025-09-05',967.50,967.50,954.05,963.40,961.25,962.60,960.70,11602111,11146202040.00,210037,2037.70,940.00),(448,2,'2025-09-04',960.20,965.70,956.25,961.25,954.45,960.95,961.34,17597657,16917300955.00,212281,2037.70,940.00),(449,2,'2025-09-03',945.00,956.30,940.00,954.45,944.50,953.95,947.66,16083481,15241746461.00,288240,2037.70,940.00),(450,2,'2025-09-02',951.00,954.80,944.00,944.50,950.60,944.70,948.80,14196320,13469417785.00,343637,2037.70,944.00),(451,2,'2025-09-01',949.60,957.45,946.35,950.60,951.60,950.80,950.62,20178344,19181919082.00,410933,2037.70,946.35),(452,2,'2025-08-29',954.00,963.30,950.10,951.60,957.80,953.40,955.24,14823813,14160314228.00,260839,2037.70,950.10),(453,2,'2025-08-28',967.00,972.20,955.00,957.80,973.40,961.80,962.09,25438255,24473886028.00,377835,2037.70,955.00),(454,2,'2025-08-26',979.50,985.70,968.00,973.40,1964.10,972.30,973.26,16917731,16465410031.00,296302,2037.70,968.00),(455,2,'2025-08-25',1960.20,1977.40,1957.00,1964.10,1964.60,1969.20,1967.27,8759022,17231388424.00,217503,2037.70,1613.00),(456,2,'2025-08-22',1989.90,1996.00,1957.10,1964.60,1991.20,1965.50,1968.66,9916751,19522714269.00,253318,2037.70,1613.00),(457,2,'2025-08-21',1997.50,1997.50,1983.20,1991.20,1988.20,1990.50,1991.62,6219925,12387722464.00,160599,2037.70,1613.00),(458,2,'2025-08-20',1987.00,1992.00,1979.00,1988.20,1991.10,1988.30,1985.13,4975114,9876263155.00,173424,2037.70,1613.00),(459,2,'2025-08-19',1998.30,2006.10,1986.70,1991.10,2003.60,1990.00,1995.49,6176219,12324574115.00,170899,2037.70,1613.00),(460,2,'2025-08-18',2010.00,2026.60,1995.60,2003.60,1991.10,2005.00,2008.73,9642398,19368989918.00,220027,2037.70,1613.00),(461,2,'2025-08-14',1978.00,1996.00,1971.20,1991.10,1980.30,1989.50,1990.18,8755858,17425742819.00,174342,2037.70,1601.15),(462,2,'2025-08-13',1994.00,1994.00,1969.10,1980.30,1969.90,1979.90,1977.14,6788698,13422176534.00,177703,2037.70,1601.15),(463,2,'2025-08-12',1991.90,1996.00,1967.50,1969.90,1995.60,1969.70,1978.54,6468901,12798999218.00,237925,2037.70,1601.15),(464,2,'2025-08-11',1975.90,1997.60,1973.10,1995.60,1973.90,1992.00,1986.89,4552927,9046155579.00,165998,2037.70,1601.15),(465,2,'2025-08-08',1987.10,1992.80,1970.00,1973.90,1995.40,1972.00,1978.99,6947632,13749288126.00,178320,2037.70,1593.30),(466,2,'2025-08-07',1980.10,2001.60,1976.80,1995.40,1985.30,1998.00,1986.09,6540593,12990237208.00,223527,2037.70,1593.30),(467,2,'2025-08-06',1971.10,1988.00,1970.00,1985.30,1977.60,1987.00,1978.39,7040102,13928074706.00,211058,2037.70,1593.30),(468,2,'2025-08-05',1986.50,1994.40,1965.50,1977.60,1992.00,1981.00,1975.61,11989029,23685633704.00,194332,2037.70,1593.30),(469,2,'2025-08-04',2010.10,2018.50,1988.10,1992.00,2012.20,1994.40,1997.96,6966973,13919756957.00,248150,2037.70,1593.30),(470,2,'2025-08-01',2014.00,2028.30,2009.30,2012.20,2018.20,2016.90,2015.24,5658629,11403473962.00,138595,2037.70,1593.30),(471,2,'2025-07-31',2014.60,2031.40,2008.00,2018.20,2025.80,2018.00,2020.81,11091516,22413795872.00,199191,2037.70,1593.30),(472,2,'2025-07-30',2028.00,2032.60,2017.00,2025.80,2021.60,2025.90,2023.94,7577018,15335457714.00,152763,2037.70,1593.30),(473,2,'2025-07-29',1999.90,2026.50,1996.30,2021.60,2008.50,2023.00,2015.07,9947848,20045635385.00,234546,2037.70,1593.30),(474,2,'2025-07-28',2003.00,2021.40,2000.50,2008.50,2004.60,2009.90,2011.08,6029790,12126412273.00,219624,2037.70,1593.30),(475,2,'2025-07-25',2015.00,2015.00,1999.00,2004.60,2014.20,2005.00,2005.63,4653299,9332802399.00,163735,2037.70,1588.05),(476,2,'2025-07-24',2037.70,2037.70,2008.40,2014.20,2024.30,2011.70,2019.12,9553588,19289876404.00,183573,2037.70,1588.05),(477,2,'2025-07-23',2011.00,2029.80,2003.00,2024.30,2007.10,2024.50,2019.97,6817458,13771089885.00,191989,2029.80,1588.05),(478,2,'2025-07-22',2013.10,2018.00,2003.00,2007.10,2000.50,2005.00,2009.05,7418407,14903939836.00,226727,2027.10,1588.05),(479,2,'2025-07-21',1978.20,2002.00,1976.50,2000.50,1957.40,2001.50,1993.45,11154539,22236041336.00,275691,2027.10,1588.05),(480,2,'2025-07-18',1986.90,1997.00,1953.00,1957.40,1986.90,1956.00,1968.80,8064723,15877808288.00,221823,2027.10,1588.05),(481,2,'2025-07-17',2004.00,2004.80,1982.70,1986.90,1996.30,1986.00,1991.85,11264579,22437406106.00,256020,2027.10,1588.05),(482,2,'2025-07-16',2018.00,2022.70,1992.60,1996.30,1995.50,1996.00,2005.54,8997306,18044432313.00,216845,2027.10,1588.05),(483,2,'2025-07-15',1973.00,2003.60,1973.00,1995.50,1983.00,1998.00,1993.02,7249084,14447599382.00,157806,2027.10,1588.05),(484,2,'2025-07-14',1983.00,1988.70,1970.60,1983.00,1983.70,1982.90,1978.80,6544425,12950097346.00,132854,2027.10,1588.05),(485,2,'2025-07-11',1998.00,2004.80,1980.90,1983.70,2006.20,1983.00,1987.41,6258461,12438153798.00,125871,2027.10,1588.05),(486,2,'2025-07-10',2016.00,2017.00,2000.00,2006.20,2011.20,2002.80,2008.54,8515155,17103052404.00,184619,2027.10,1588.05),(487,2,'2025-07-09',2007.00,2013.80,1998.10,2011.20,2001.40,2008.50,2007.10,6930714,13910645549.00,151284,2027.10,1588.05),(488,2,'2025-07-08',1977.00,2005.00,1977.00,2001.40,1987.40,1999.40,1992.88,7612158,15170095366.00,199823,2027.10,1588.05),(489,2,'2025-07-07',1989.00,1998.40,1983.80,1987.40,1989.30,1985.50,1989.37,5674713,11289078543.00,163393,2027.10,1588.05),(490,2,'2025-07-04',1987.10,2003.50,1980.00,1989.30,1987.10,1992.70,1987.51,3931972,7814832916.00,150676,2027.10,1588.05),(491,2,'2025-07-03',1994.90,2008.00,1984.30,1987.10,1986.00,1985.90,1993.22,8430253,16803371806.00,182242,2027.10,1588.05),(492,2,'2025-07-02',2019.90,2019.90,1977.90,1986.00,2012.10,1985.50,1990.25,9439125,18786219251.00,268429,2027.10,1588.05),(493,2,'2025-07-01',2005.00,2016.00,2004.00,2012.10,2001.50,2011.10,2010.15,7194693,14462421819.00,169976,2027.10,1588.05),(494,2,'2025-06-30',2011.50,2013.80,1995.50,2001.50,2014.90,2000.00,2001.16,6824510,13656939181.00,199780,2027.10,1588.05),(495,3,'2026-06-30',2090.00,2104.30,2018.80,2031.50,2097.90,2033.00,2042.05,6848411,13984786948.00,294008,3489.90,2018.80),(496,3,'2026-06-29',2090.00,2105.00,2071.00,2097.90,2094.70,2094.00,2089.53,3412470,7130458833.00,162690,3489.90,2055.00),(497,3,'2026-06-25',2133.60,2148.50,2088.00,2094.70,2109.00,2095.90,2117.73,4738903,10035714708.00,177569,3489.90,2055.00),(498,3,'2026-06-24',2061.00,2120.70,2061.00,2109.00,2059.60,2107.10,2093.61,4747277,9938958484.00,180127,3489.90,2055.00),(499,3,'2026-06-23',2111.00,2114.00,2055.00,2059.60,2127.80,2060.00,2073.42,6392736,13254806164.00,280238,3489.90,2055.00),(500,3,'2026-06-22',2132.20,2157.00,2121.00,2127.80,2125.00,2129.50,2135.79,4566101,9752228673.00,148495,3489.90,2059.90),(501,3,'2026-06-19',2105.00,2138.00,2059.90,2125.00,2203.30,2135.90,2089.19,13286502,27758042714.00,481812,3538.00,2059.90),(502,3,'2026-06-18',2209.00,2214.00,2182.00,2203.30,2223.00,2202.50,2197.22,3735188,8207025077.00,141783,3538.00,2110.00),(503,3,'2026-06-17',2209.00,2231.00,2200.70,2223.00,2199.00,2221.00,2220.40,2865010,6361471429.00,107237,3538.00,2110.00),(504,3,'2026-06-16',2167.00,2209.00,2160.60,2199.00,2162.00,2197.90,2189.97,3079898,6744889594.00,120376,3538.00,2110.00),(505,3,'2026-06-15',2192.00,2192.00,2159.30,2162.00,2161.40,2162.60,2170.27,3337083,7242375099.00,113160,3538.00,2110.00),(506,3,'2026-06-12',2150.00,2168.00,2138.00,2161.40,2135.60,2161.10,2153.15,2124656,4574695143.00,98414,3538.00,2110.00),(507,3,'2026-06-11',2127.00,2154.60,2110.00,2135.60,2153.90,2136.70,2132.03,3079815,6566243979.00,146700,3538.00,2110.00),(508,3,'2026-06-10',2151.30,2180.80,2144.80,2153.90,2151.00,2151.80,2162.42,2848650,6159963946.00,109866,3538.00,2132.80),(509,3,'2026-06-09',2174.00,2174.00,2132.80,2151.00,2151.40,2152.00,2148.74,4148655,8914399374.00,137800,3538.00,2132.80),(510,3,'2026-06-08',2170.00,2177.00,2143.30,2151.40,2198.90,2149.40,2158.30,6536734,14108236765.00,197493,3538.00,2143.30),(511,3,'2026-06-05',2262.90,2271.80,2192.00,2198.90,2241.00,2196.00,2219.87,5019717,11143126656.00,226269,3538.00,2192.00),(512,3,'2026-06-04',2241.70,2253.10,2216.60,2241.00,2241.70,2243.00,2236.45,4867263,10885412981.00,156136,3538.00,2206.40),(513,3,'2026-06-03',2393.00,2393.00,2224.80,2241.70,2446.90,2245.00,2267.78,15660062,35513638077.00,502630,3538.00,2206.40),(514,3,'2026-06-02',2320.00,2457.40,2316.20,2446.90,2297.40,2451.10,2419.08,11306127,27350473865.00,366391,3538.00,2206.40),(515,3,'2026-06-01',2284.00,2335.00,2280.00,2297.40,2258.90,2296.40,2300.81,7505095,17267797718.00,154067,3538.00,2206.40),(516,3,'2026-05-29',2291.00,2334.00,2235.00,2258.90,2284.20,2256.00,2271.96,16331582,37104629642.00,231376,3545.00,2206.40),(517,3,'2026-05-27',2275.00,2295.60,2260.90,2284.20,2276.20,2289.90,2276.47,2653950,6041627688.00,123480,3545.00,2206.40),(518,3,'2026-05-26',2308.20,2327.90,2272.40,2276.20,2308.20,2281.40,2289.98,3587597,8215534120.00,130719,3545.00,2206.40),(519,3,'2026-05-25',2325.00,2326.10,2293.00,2308.20,2317.30,2307.40,2310.30,3298364,7620224110.00,75809,3545.00,2206.40),(520,3,'2026-05-22',2331.10,2340.00,2308.10,2317.30,2327.20,2317.90,2323.55,2617262,6081346029.00,87846,3558.00,2206.40),(521,3,'2026-05-21',2331.00,2335.90,2314.00,2327.20,2327.40,2325.40,2324.25,3299087,7667913394.00,106203,3558.00,2206.40),(522,3,'2026-05-20',2323.90,2342.00,2317.80,2327.40,2327.10,2324.10,2332.61,2537422,5918803275.00,98920,3558.00,2206.40),(523,3,'2026-05-19',2300.00,2377.60,2297.10,2327.10,2283.20,2330.00,2347.34,10394707,24399867016.00,236124,3558.00,2206.40),(524,3,'2026-05-18',2264.00,2292.90,2252.20,2283.20,2264.00,2289.90,2277.12,3773336,8592331858.00,118965,3558.00,2206.40),(525,3,'2026-05-15',2252.00,2304.90,2252.00,2264.00,2246.00,2267.00,2280.06,3410637,7776469685.00,135890,3630.50,2206.40),(526,3,'2026-05-14',2265.00,2265.00,2206.40,2246.00,2272.80,2249.90,2236.83,5633313,12600736362.00,241132,3630.50,2206.40),(527,3,'2026-05-13',2306.00,2309.20,2269.00,2272.80,2300.30,2274.00,2285.14,3171843,7248098372.00,169055,3630.50,2269.00),(528,3,'2026-05-12',2375.00,2375.00,2283.00,2300.30,2392.90,2303.50,2302.30,6347884,14614716646.00,358785,3630.50,2283.00),(529,3,'2026-05-11',2371.00,2415.00,2371.00,2392.90,2394.40,2400.00,2397.63,1975188,4735775184.00,116550,3630.50,2346.20),(530,3,'2026-05-08',2398.00,2407.00,2375.10,2394.40,2401.40,2397.20,2387.75,3792199,9054824056.00,184241,3630.50,2346.20),(531,3,'2026-05-07',2438.20,2439.70,2398.00,2401.40,2435.40,2403.00,2408.44,5829594,14040248979.00,167098,3630.50,2346.20),(532,3,'2026-05-06',2441.90,2471.00,2406.50,2435.40,2427.30,2435.00,2433.81,3147628,7660743018.00,130239,3630.50,2346.20),(533,3,'2026-05-05',2430.00,2460.40,2412.20,2427.30,2431.30,2429.80,2432.41,3385720,8235452650.00,134489,3630.50,2346.20),(534,3,'2026-05-04',2494.00,2498.30,2425.00,2431.30,2473.90,2430.00,2444.12,2632358,6433788855.00,145629,3630.50,2346.20),(535,3,'2026-04-30',2479.00,2491.00,2438.00,2473.90,2474.70,2474.80,2470.47,3970446,9808881103.00,175405,3630.50,2346.20),(536,3,'2026-04-29',2451.00,2487.90,2447.60,2474.70,2444.70,2465.00,2473.75,2835961,7015468504.00,145414,3630.50,2346.20),(537,3,'2026-04-28',2444.00,2487.00,2427.40,2444.70,2447.60,2450.70,2452.87,4508363,11058422251.00,202414,3630.50,2346.20),(538,3,'2026-04-27',2396.90,2459.00,2396.90,2447.60,2396.90,2448.00,2439.56,5853425,14279801557.00,226406,3630.50,2346.20),(539,3,'2026-04-24',2488.00,2505.00,2388.80,2396.90,2521.80,2401.00,2426.09,5107719,12391809512.00,300607,3630.50,2346.20),(540,3,'2026-04-23',2529.00,2559.50,2516.30,2521.80,2538.50,2518.20,2538.03,2509050,6368042336.00,116013,3630.50,2346.20),(541,3,'2026-04-22',2580.00,2580.00,2503.60,2538.50,2610.50,2535.30,2543.73,5232045,13308911672.00,234440,3630.50,2346.20),(542,3,'2026-04-21',2560.00,2614.00,2560.00,2610.50,2579.60,2609.90,2596.45,2719959,7062245701.00,126132,3630.50,2346.20),(543,3,'2026-04-20',2587.10,2594.00,2561.20,2579.60,2581.50,2575.90,2581.08,2288558,5906941173.00,124006,3630.50,2346.20),(544,3,'2026-04-17',2570.00,2589.00,2555.90,2581.50,2576.90,2583.60,2577.98,2718206,7007472974.00,131272,3630.50,2346.20),(545,3,'2026-04-16',2572.00,2594.00,2558.00,2576.90,2554.90,2573.00,2575.26,3905403,10057427040.00,174580,3630.50,2346.20),(546,3,'2026-04-15',2501.90,2559.00,2493.40,2554.90,2472.60,2552.80,2542.02,5261384,13374554361.00,186444,3630.50,2346.20),(547,3,'2026-04-13',2489.90,2504.90,2470.00,2472.60,2524.30,2470.70,2480.40,3739587,9275688865.00,152183,3630.50,2346.20),(548,3,'2026-04-10',2565.80,2565.80,2501.10,2524.30,2589.00,2523.00,2522.67,10480239,26438219057.00,373922,3630.50,2346.20),(549,3,'2026-04-09',2554.00,2605.00,2531.10,2589.00,2559.20,2590.00,2577.84,5628261,14508758088.00,218190,3630.50,2346.20),(550,3,'2026-04-08',2572.00,2580.30,2540.10,2559.20,2539.80,2561.10,2557.13,4769337,12195804701.00,236001,3630.50,2346.20),(551,3,'2026-04-07',2461.00,2543.90,2448.00,2539.80,2473.90,2543.50,2522.72,4516550,11393981114.00,219120,3630.50,2346.20),(552,3,'2026-04-06',2474.00,2482.00,2448.20,2473.90,2450.70,2472.00,2465.46,2572417,6342191751.00,118175,3630.50,2346.20),(553,3,'2026-04-02',2386.00,2469.90,2375.70,2450.70,2408.20,2445.70,2428.65,5378361,13062162395.00,253292,3630.50,2346.20),(554,3,'2026-04-01',2429.00,2472.00,2397.90,2408.20,2358.90,2411.20,2433.70,4132661,10057637618.00,147044,3630.50,2346.20),(555,3,'2026-03-30',2375.10,2398.00,2346.20,2358.90,2389.80,2365.00,2370.92,6804756,16133542829.00,186938,3630.50,2346.20),(556,3,'2026-03-27',2403.90,2422.10,2385.00,2389.80,2377.40,2387.50,2403.64,4979411,11968698699.00,204594,3710.00,2348.00),(557,3,'2026-03-25',2400.90,2421.60,2369.80,2377.40,2398.80,2377.90,2397.29,5843778,14009257428.00,216118,3710.00,2348.00),(558,3,'2026-03-24',2404.10,2435.40,2379.10,2398.80,2383.80,2400.80,2405.63,3420182,8227706052.00,174467,3710.00,2348.00),(559,3,'2026-03-23',2365.00,2406.80,2348.00,2383.80,2390.60,2380.00,2389.12,3860515,9223242939.00,214767,3710.00,2348.00),(560,3,'2026-03-20',2386.00,2407.80,2364.20,2390.60,2356.00,2397.60,2384.64,4206320,10030576231.00,186293,3710.00,2350.20),(561,3,'2026-03-19',2417.00,2424.00,2350.20,2356.00,2440.80,2362.80,2378.78,2757060,6558445933.00,171760,3710.00,2350.20),(562,3,'2026-03-18',2410.00,2482.90,2410.00,2440.80,2391.70,2439.00,2457.23,3082388,7574139826.00,149271,3710.00,2360.00),(563,3,'2026-03-17',2420.00,2420.00,2360.00,2391.70,2409.20,2394.00,2387.21,2993367,7145803596.00,207239,3710.00,2360.00),(564,3,'2026-03-16',2410.00,2425.00,2366.10,2409.20,2410.50,2401.00,2394.18,3807907,9116814433.00,169215,3710.00,2366.10),(565,3,'2026-03-13',2437.00,2445.90,2397.00,2410.50,2442.40,2412.00,2418.06,2466488,5964119962.00,180674,3710.00,2397.00),(566,3,'2026-03-12',2459.80,2472.90,2436.00,2442.40,2464.90,2447.00,2450.97,2752075,6745252596.00,165970,3710.00,2436.00),(567,3,'2026-03-11',2508.10,2521.00,2460.10,2464.90,2513.10,2463.00,2482.92,2720664,6755204517.00,192326,3710.00,2460.10),(568,3,'2026-03-10',2541.00,2545.20,2490.10,2513.10,2527.40,2517.40,2507.26,4323710,10840645308.00,214008,3710.00,2490.10),(569,3,'2026-03-09',2530.00,2560.00,2505.00,2527.40,2557.60,2527.80,2525.33,3653428,9226103998.00,191560,3710.00,2505.00),(570,3,'2026-03-06',2572.00,2619.20,2553.60,2557.60,2578.80,2560.00,2581.54,3998643,10322655875.00,143599,3710.00,2546.40),(571,3,'2026-03-05',2600.00,2609.50,2546.40,2578.80,2587.80,2575.00,2567.95,2960636,7602767476.00,186527,3710.00,2546.40),(572,3,'2026-03-04',2625.00,2635.00,2580.40,2587.80,2613.50,2583.00,2598.18,3446434,8954459043.00,193409,3710.00,2561.30),(573,3,'2026-03-02',2592.00,2623.80,2580.30,2613.50,2637.40,2611.70,2606.37,3374385,8794898070.00,227265,3710.00,2561.30),(574,3,'2026-02-27',2681.60,2688.60,2626.10,2637.40,2647.70,2639.70,2644.90,5083717,13445933671.00,166737,3763.20,2561.30),(575,3,'2026-02-26',2650.00,2671.00,2635.00,2647.70,2629.30,2649.00,2649.37,3464267,9178107813.00,148371,3763.20,2561.30),(576,3,'2026-02-25',2596.00,2654.20,2595.00,2629.30,2573.70,2629.00,2632.16,3621285,9531784527.00,170312,3763.20,2561.30),(577,3,'2026-02-24',2641.00,2647.50,2561.30,2573.70,2676.30,2581.00,2586.99,7798833,20175518857.00,424406,3763.20,2561.30),(578,3,'2026-02-23',2686.00,2704.00,2660.20,2676.30,2686.20,2674.00,2675.99,4699596,12576073695.00,171914,3763.20,2585.00),(579,3,'2026-02-20',2667.00,2702.60,2647.50,2686.20,2677.90,2685.00,2684.40,2293482,6156633439.00,98725,3934.00,2585.00),(580,3,'2026-02-19',2708.00,2748.70,2666.60,2677.90,2694.90,2675.00,2709.33,3238849,8775099080.00,137884,3934.00,2585.00),(581,3,'2026-02-18',2730.00,2730.00,2657.30,2694.90,2717.40,2694.50,2687.82,2950820,7931264159.00,140494,3934.00,2585.00),(582,3,'2026-02-17',2716.00,2760.00,2695.20,2717.40,2706.60,2719.80,2735.60,4209118,11514452780.00,163505,3934.00,2585.00),(583,3,'2026-02-16',2700.00,2719.80,2671.00,2706.60,2692.20,2713.00,2692.22,2918730,7857874542.00,134363,3934.00,2585.00),(584,3,'2026-02-13',2585.00,2713.00,2585.00,2692.20,2750.10,2695.00,2649.41,11168735,29590599536.00,415060,4052.00,2585.00),(585,3,'2026-02-12',2869.80,2880.00,2740.00,2750.10,2909.80,2741.90,2778.17,10612156,29482335573.00,660406,4052.00,2740.00),(586,3,'2026-02-11',2980.00,2998.00,2904.20,2909.80,2984.60,2909.00,2938.39,3363513,9883323310.00,237669,4052.00,2866.60),(587,3,'2026-02-10',2949.80,3011.60,2943.50,2984.60,2948.20,2983.00,2985.30,3547763,10591145976.00,220699,4052.00,2866.60),(588,3,'2026-02-09',2959.10,2977.00,2937.50,2948.20,2941.60,2951.00,2949.18,2380318,7019976409.00,141131,4052.00,2866.60),(589,3,'2026-02-06',2976.60,2985.00,2916.00,2941.60,2991.50,2940.30,2934.09,4687389,13753236280.00,347514,4150.00,2866.60),(590,3,'2026-02-05',2990.00,3029.70,2972.30,2991.50,2999.10,2991.70,3000.10,3521545,10565002490.00,178696,4150.00,2866.60),(591,3,'2026-02-04',3120.00,3120.00,2986.00,2999.10,3225.30,2999.90,3020.56,10852595,32780947704.00,503705,4150.00,2866.60),(592,3,'2026-02-03',3350.00,3350.00,3186.30,3225.30,3169.60,3220.00,3231.27,4366060,14107906461.00,204924,4150.00,2866.60),(593,3,'2026-02-02',3198.00,3198.00,3134.00,3169.60,3186.90,3167.00,3164.69,2636272,8342986355.00,108170,4150.00,2866.60),(594,3,'2026-02-01',3123.80,3234.00,3105.20,3186.90,3123.90,3178.20,3182.48,3012937,9588609200.00,145412,4156.35,2866.60),(595,3,'2026-01-30',3141.00,3141.00,3092.00,3123.90,3144.40,3129.00,3121.64,3022068,9433821429.00,80949,4156.35,2866.60),(596,3,'2026-01-29',3200.10,3200.10,3125.60,3144.40,3200.10,3139.00,3143.88,2457641,7726526569.00,120763,4156.35,2866.60),(597,3,'2026-01-28',3176.00,3205.20,3170.60,3200.10,3158.00,3199.00,3191.18,2751234,8779679675.00,151790,4156.35,2866.60),(598,3,'2026-01-27',3175.00,3175.00,3130.00,3158.00,3162.50,3167.00,3146.85,4279874,13468114372.00,149619,4156.35,2866.60),(599,3,'2026-01-23',3190.30,3194.50,3152.00,3162.50,3150.40,3157.00,3176.59,2068857,6571905074.00,89144,4191.35,2866.60),(600,3,'2026-01-22',3150.00,3160.00,3122.30,3150.40,3122.60,3152.20,3142.82,2269827,7133663295.00,91528,4191.35,2866.60),(601,3,'2026-01-21',3100.00,3138.50,3082.00,3122.60,3102.30,3122.00,3112.68,2015150,6272510286.00,138565,4191.35,2866.60),(602,3,'2026-01-20',3151.60,3160.00,3091.10,3102.30,3163.60,3104.20,3127.35,4499273,14070802629.00,152322,4191.35,2866.60),(603,3,'2026-01-19',3188.00,3220.00,3152.10,3163.60,3206.70,3161.00,3168.85,3387562,10734671175.00,177858,4191.35,2866.60),(604,3,'2026-01-16',3219.40,3221.90,3171.00,3206.70,3192.50,3209.00,3200.62,4293470,13741776328.00,149121,4322.95,2866.60),(605,3,'2026-01-14',3260.00,3260.00,3183.00,3192.50,3268.00,3197.80,3205.64,3539511,11346386248.00,146477,4322.95,2866.60),(606,3,'2026-01-13',3245.00,3280.00,3210.50,3268.00,3239.60,3263.00,3251.44,5645341,18355497917.00,198353,4322.95,2866.60),(607,3,'2026-01-12',3203.00,3252.00,3174.30,3239.60,3207.80,3243.00,3212.14,2228342,7157753631.00,126371,4322.95,2866.60),(608,3,'2026-01-09',3191.00,3229.70,3191.00,3207.80,3203.90,3212.60,3209.44,1938673,6222059523.00,134640,4322.95,2866.60),(609,3,'2026-01-08',3286.90,3286.90,3182.00,3203.90,3295.60,3196.00,3211.48,4159336,13357635924.00,191554,4322.95,2866.60),(610,3,'2026-01-07',3242.90,3300.60,3223.20,3295.60,3255.80,3294.00,3284.64,1989442,6534592137.00,87338,4322.95,2866.60),(611,3,'2026-01-06',3210.00,3263.20,3205.00,3255.80,3216.10,3256.80,3242.40,2912325,9442929254.00,163408,4322.95,2866.60),(612,3,'2026-01-05',3240.50,3247.00,3191.00,3216.10,3250.70,3213.00,3220.21,2341703,7540784169.00,115281,4322.95,2866.60),(613,3,'2026-01-02',3234.00,3254.30,3219.50,3250.70,3227.40,3245.70,3241.10,1184324,3838516573.00,63356,4322.95,2866.60),(614,3,'2026-01-01',3215.00,3234.10,3198.20,3227.40,3206.20,3225.00,3219.97,1255735,4043425200.00,56642,4322.95,2866.60),(615,3,'2025-12-31',3240.00,3246.00,3198.50,3206.20,3246.80,3210.00,3216.08,3362634,10814502992.00,145683,4322.95,2866.60),(616,3,'2025-12-30',3250.00,3267.50,3239.50,3246.80,3251.50,3255.00,3250.64,2807593,9126473824.00,184541,4322.95,2866.60),(617,3,'2025-12-29',3280.00,3288.00,3242.90,3251.50,3280.00,3256.00,3254.98,2079473,6768650796.00,117390,4322.95,2866.60),(618,3,'2025-12-26',3313.10,3320.00,3271.80,3280.00,3319.00,3276.80,3287.91,1176664,3868759941.00,89363,4322.95,2866.60),(619,3,'2025-12-24',3304.10,3327.10,3296.10,3319.00,3310.00,3313.10,3312.41,1367708,4530413591.00,84873,4322.95,2866.60),(620,3,'2025-12-23',3319.90,3319.90,3293.50,3310.00,3324.90,3305.10,3304.76,2365420,7817155850.00,139216,4322.95,2866.60),(621,3,'2025-12-22',3310.00,3328.60,3291.00,3324.90,3282.00,3324.90,3314.14,2632816,8725523457.00,101733,4322.95,2866.60),(622,3,'2025-12-19',3299.00,3317.90,3278.80,3282.00,3280.80,3285.00,3295.00,3902511,12858780664.00,122711,4475.00,2866.60),(623,3,'2025-12-18',3228.00,3287.80,3221.00,3280.80,3217.80,3281.20,3260.45,2307422,7523225820.00,166551,4475.00,2866.60),(624,3,'2025-12-17',3200.50,3236.90,3200.50,3217.80,3205.10,3217.80,3218.60,1376350,4429915959.00,88357,4475.00,2866.60),(625,3,'2025-12-16',3220.00,3220.00,3191.10,3205.10,3230.20,3206.60,3204.68,1734623,5558913488.00,97265,4475.00,2866.60),(626,3,'2025-12-15',3211.10,3238.20,3197.30,3230.20,3220.50,3227.00,3220.97,1562190,5031766681.00,107289,4475.00,2866.60),(627,3,'2025-12-12',3197.70,3223.00,3185.70,3220.50,3191.90,3220.10,3209.12,1146554,3679424707.00,83968,4494.90,2866.60),(628,3,'2025-12-11',3205.00,3208.40,3153.10,3191.90,3189.20,3193.90,3184.35,1914362,6095995407.00,100793,4494.90,2866.60),(629,3,'2025-12-10',3225.00,3225.00,3178.10,3189.20,3208.30,3185.00,3191.56,1386849,4426207514.00,82261,4494.90,2866.60),(630,3,'2025-12-09',3230.00,3233.70,3181.20,3208.30,3236.50,3208.00,3201.08,2734893,8754608898.00,138787,4494.90,2866.60),(631,3,'2025-12-08',3243.00,3259.90,3208.60,3236.50,3238.20,3237.90,3236.92,2544725,8237058646.00,121186,4494.90,2866.60),(632,3,'2025-12-05',3230.00,3271.60,3222.40,3238.20,3229.20,3241.00,3246.03,5244013,17022214888.00,178219,4494.90,2866.60),(633,3,'2025-12-04',3194.00,3250.00,3187.40,3229.20,3180.00,3227.00,3231.21,5025905,16239749623.00,185585,4494.90,2866.60),(634,3,'2025-12-03',3140.00,3211.90,3139.00,3180.00,3135.70,3180.00,3185.48,3952112,12589378283.00,192454,4494.90,2866.60),(635,3,'2025-12-02',3131.00,3144.00,3120.40,3135.70,3133.40,3137.50,3133.36,2512003,7871011641.00,127701,4494.90,2866.60),(636,3,'2025-12-01',3137.90,3154.00,3122.20,3133.40,3137.50,3138.00,3133.29,1747647,5475878282.00,130698,4494.90,2866.60),(637,3,'2025-11-28',3140.00,3147.30,3125.00,3137.50,3136.60,3135.90,3137.82,1616690,5072888841.00,79463,4494.90,2866.60),(638,3,'2025-11-27',3180.00,3180.00,3125.00,3136.60,3162.90,3134.00,3142.97,2836233,8914192099.00,171374,4494.90,2866.60),(639,3,'2025-11-26',3118.80,3178.00,3117.00,3162.90,3119.20,3162.90,3157.95,2508527,7921809747.00,112405,4494.90,2866.60),(640,3,'2025-11-25',3145.30,3149.80,3115.00,3119.20,3141.20,3115.70,3127.55,2737920,8562968102.00,144573,4494.90,2866.60),(641,3,'2025-11-24',3158.00,3178.90,3131.00,3141.20,3150.60,3134.00,3151.71,6703764,21128317184.00,176937,4494.90,2866.60),(642,3,'2025-11-21',3144.80,3170.00,3135.20,3150.60,3144.80,3150.00,3153.22,4177037,13171133173.00,136571,4494.90,2866.60),(643,3,'2025-11-20',3148.00,3164.50,3138.10,3144.80,3147.70,3149.80,3152.05,2700767,8512940688.00,113822,4494.90,2866.60),(644,3,'2025-11-19',3097.00,3155.00,3083.50,3147.70,3087.10,3147.00,3136.67,3151053,9883820510.00,160625,4494.90,2866.60),(645,3,'2025-11-18',3102.00,3105.00,3078.00,3087.10,3102.20,3080.10,3090.92,2548350,7876755649.00,110903,4494.90,2866.60),(646,3,'2025-11-17',3106.00,3123.50,3086.60,3102.20,3106.00,3100.00,3099.87,2232853,6921546327.00,96155,4494.90,2866.60),(647,3,'2025-11-14',3090.00,3113.10,3077.30,3106.00,3105.70,3112.00,3095.35,2210794,6843177120.00,105008,4494.90,2866.60),(648,3,'2025-11-13',3131.80,3131.90,3102.00,3105.70,3131.80,3104.80,3113.07,1740435,5418091013.00,120845,4494.90,2866.60),(649,3,'2025-11-12',3060.00,3136.40,3057.10,3131.80,3047.00,3125.10,3114.78,4460315,13892902410.00,175446,4494.90,2866.60),(650,3,'2025-11-11',3045.00,3055.70,3018.00,3047.00,3025.20,3049.00,3037.03,2806868,8524541739.00,112361,4494.90,2866.60),(651,3,'2025-11-10',2993.00,3047.90,2992.00,3025.20,2991.80,3025.00,3022.51,1556656,4705008220.00,78119,4494.90,2866.60),(652,3,'2025-11-07',3001.00,3004.00,2960.50,2991.80,3010.90,2993.50,2979.65,1830520,5454308584.00,106949,4494.90,2866.60),(653,3,'2025-11-06',2990.10,3024.00,2990.00,3010.90,2990.20,3010.00,3010.50,2542721,7654860639.00,200775,4494.90,2866.60),(654,3,'2025-11-04',3019.60,3029.30,2976.00,2990.20,3016.80,2987.70,2992.11,2670720,7991078690.00,168525,4494.90,2866.60),(655,3,'2025-11-03',3046.90,3058.00,3010.00,3016.80,3058.00,3019.50,3024.83,2194877,6639124031.00,101452,4494.90,2866.60),(656,3,'2025-10-31',3035.00,3067.40,3025.10,3058.00,3035.30,3060.00,3055.61,1868085,5708136334.00,81376,4494.90,2866.60),(657,3,'2025-10-30',3049.10,3063.80,3032.80,3035.30,3057.60,3035.50,3039.99,2241536,6814245032.00,115244,4494.90,2866.60),(658,3,'2025-10-29',3057.90,3076.00,3046.10,3057.60,3057.90,3060.00,3061.14,2895420,8863286093.00,116138,4494.90,2866.60),(659,3,'2025-10-28',3076.00,3090.20,3040.20,3057.90,3084.90,3059.80,3059.27,3470737,10617938168.00,140326,4494.90,2866.60),(660,3,'2025-10-27',3066.50,3094.20,3060.20,3084.90,3063.20,3083.00,3083.94,1946312,6002314207.00,85517,4494.90,2866.60),(661,3,'2025-10-24',3080.00,3090.00,3058.30,3063.20,3073.20,3060.60,3073.62,2684318,8250573088.00,187127,4494.90,2866.60),(662,3,'2025-10-23',3055.00,3098.00,3036.10,3073.20,3006.70,3070.00,3075.63,5564758,17115135296.00,290229,4494.90,2866.60),(663,3,'2025-10-21',3031.10,3031.80,2996.00,3006.70,3015.20,3000.00,3013.14,310644,936015414.70,29319,4494.90,2866.60),(664,3,'2025-10-20',2985.50,3023.00,2978.50,3015.20,2962.20,3016.30,3007.54,3133039,9422754243.00,163532,4494.90,2866.60),(665,3,'2025-10-17',2970.00,2988.80,2955.40,2962.20,2970.70,2963.00,2967.59,4374683,12982248748.00,165312,4494.90,2866.60),(666,3,'2025-10-16',2969.90,2975.00,2943.10,2970.70,2969.80,2971.80,2961.98,3251495,9630875595.00,197293,4494.90,2866.60),(667,3,'2025-10-15',2971.00,2979.70,2951.00,2969.80,2960.30,2970.00,2967.01,4282226,12705386117.00,146773,4494.90,2866.60),(668,3,'2025-10-14',3021.00,3027.20,2955.50,2960.30,3007.20,2960.00,2976.34,3611416,10748794588.00,183673,4494.90,2866.60),(669,3,'2025-10-13',3027.00,3035.50,2998.20,3007.20,3028.30,3006.00,3011.37,2866865,8633180149.00,169572,4494.90,2866.60),(670,3,'2025-10-10',3050.00,3070.00,3006.90,3028.30,3061.70,3028.00,3032.16,8817365,26735629673.00,244153,4494.90,2866.60),(671,3,'2025-10-09',3034.00,3066.00,3020.00,3061.70,3027.20,3060.20,3046.36,3211304,9782798226.00,133703,4494.90,2866.60),(672,3,'2025-10-08',2975.00,3043.00,2968.00,3027.20,2973.70,3031.50,3024.78,4121889,12467811109.00,154336,4494.90,2866.60),(673,3,'2025-10-07',2995.00,3004.50,2955.50,2973.70,2988.40,2975.00,2971.70,3062943,9102139526.00,141987,4494.90,2866.60),(674,3,'2025-10-06',2902.00,2993.60,2895.60,2988.40,2901.90,2988.00,2959.88,2112774,6253556716.00,100920,4494.90,2866.60),(675,3,'2025-10-03',2924.00,2924.00,2891.10,2901.90,2914.20,2903.00,2902.27,2899519,8415175156.00,156466,4494.90,2866.60),(676,3,'2025-10-01',2891.00,2924.80,2866.60,2914.20,2888.40,2915.10,2897.26,1952902,5658070903.00,124217,4494.90,2866.60),(677,3,'2025-09-30',2911.00,2915.30,2885.10,2888.40,2896.10,2891.00,2895.89,2253458,6525755380.00,201510,4494.90,2885.10),(678,3,'2025-09-29',2916.00,2929.30,2894.00,2896.10,2899.10,2904.30,2904.37,3110035,9032690026.00,179197,4494.90,2891.30),(679,3,'2025-09-26',2941.00,2954.80,2891.30,2899.10,2957.40,2905.40,2915.19,3934636,11470204570.00,390339,4494.90,2891.30),(680,3,'2025-09-25',3022.00,3029.60,2951.00,2957.40,3035.40,2958.00,2977.56,4974361,14811452427.00,418858,4494.90,2951.00),(681,3,'2025-09-24',3050.00,3057.00,3033.00,3035.40,3062.40,3036.80,3044.04,1625714,4948746207.00,101133,4494.90,2991.60),(682,3,'2025-09-23',3070.00,3080.70,3052.00,3062.40,3073.80,3065.00,3063.85,3177741,9736121756.00,141198,4494.90,2991.60),(683,3,'2025-09-22',3095.00,3106.90,3065.00,3073.80,3169.20,3075.50,3082.86,3634901,11205889441.00,321272,4494.90,2991.60),(684,3,'2025-09-19',3170.00,3180.50,3144.00,3169.20,3176.70,3171.00,3163.36,4901694,15505826514.00,109280,4546.05,2991.60),(685,3,'2025-09-18',3185.00,3203.00,3161.40,3176.70,3172.80,3177.00,3179.00,2633138,8370738058.00,147801,4546.05,2991.60),(686,3,'2025-09-17',3152.00,3182.40,3142.40,3172.80,3145.70,3175.00,3170.19,2418271,7666388043.00,100973,4546.05,2991.60),(687,3,'2025-09-16',3128.00,3150.00,3109.10,3145.70,3111.90,3147.90,3132.70,2573429,8061782019.00,96675,4546.05,2991.60),(688,3,'2025-09-15',3134.00,3134.00,3096.00,3111.90,3133.40,3112.50,3108.20,1732539,5385083002.00,145801,4546.05,2991.60),(689,3,'2025-09-12',3144.00,3148.70,3121.00,3133.40,3124.20,3133.00,3134.12,1447167,4535589800.00,103589,4549.35,2991.60),(690,3,'2025-09-11',3139.00,3139.00,3110.10,3124.20,3110.00,3125.20,3121.51,2263446,7065362077.00,126730,4549.35,2991.60),(691,3,'2025-09-10',3056.40,3122.70,3053.40,3110.00,3049.40,3110.00,3104.63,2079428,6455861144.00,127545,4549.35,2991.60),(692,3,'2025-09-09',3032.10,3060.00,3030.80,3049.40,3019.00,3052.00,3048.62,2489301,7588929068.00,164479,4549.35,2991.60),(693,3,'2025-09-08',3050.00,3064.90,3016.00,3019.00,3048.30,3023.20,3028.84,2626187,7954291229.00,112429,4549.35,2991.60),(694,3,'2025-09-05',3097.10,3103.40,3028.60,3048.30,3095.70,3048.00,3052.10,2802055,8552162279.00,203461,4588.00,2991.60),(695,3,'2025-09-04',3116.00,3118.00,3090.80,3095.70,3097.50,3095.80,3101.37,1481391,4594343760.00,104731,4588.00,2991.60),(696,3,'2025-09-03',3129.90,3141.90,3088.00,3097.50,3111.50,3100.00,3102.69,1799774,5584147666.00,106698,4588.00,2991.60),(697,3,'2025-09-02',3121.10,3155.00,3103.10,3111.50,3112.60,3112.00,3125.54,2185229,6830018368.00,154171,4588.00,2991.60),(698,3,'2025-09-01',3090.00,3131.10,3090.00,3112.60,3084.70,3111.00,3118.12,1246862,3887860374.00,85857,4588.00,2991.60),(699,3,'2025-08-29',3093.00,3115.00,3077.20,3084.70,3093.70,3083.80,3093.86,2271789,7028604709.00,109782,4592.25,2991.60),(700,3,'2025-08-28',3145.00,3146.50,3086.50,3093.70,3157.20,3098.00,3110.39,3116051,9692121881.00,204600,4592.25,2991.60),(701,3,'2025-08-26',3129.00,3162.00,3120.00,3157.20,3140.60,3157.00,3152.41,5522097,17407935331.00,173962,4592.25,2991.60),(702,3,'2025-08-25',3087.30,3152.00,3077.10,3140.60,3054.00,3142.10,3133.79,3448370,10806464377.00,200973,4592.25,2991.60),(703,3,'2025-08-22',3086.00,3095.70,3050.00,3054.00,3102.60,3054.70,3068.45,1593791,4890462450.00,82740,4592.25,2991.60),(704,3,'2025-08-21',3130.00,3130.00,3083.10,3102.60,3098.60,3100.00,3107.84,3230726,10040586026.00,119697,4592.25,2991.60),(705,3,'2025-08-20',3010.90,3103.40,3010.90,3098.60,3016.20,3094.80,3078.21,4952358,15244401986.00,190110,4592.25,2991.60),(706,3,'2025-08-19',3011.20,3025.00,3011.10,3016.20,3011.20,3018.00,3016.58,2650784,7996291837.00,119303,4592.25,2991.60),(707,3,'2025-08-18',3046.50,3049.00,3003.40,3011.20,3022.30,3013.00,3015.34,2945609,8882005617.00,137367,4592.25,2991.60),(708,3,'2025-08-14',3034.00,3055.90,3019.10,3022.30,3036.20,3022.50,3032.52,3342174,10135212616.00,194661,4592.25,2991.60),(709,3,'2025-08-13',3036.10,3044.40,3028.60,3036.20,3035.40,3035.00,3037.72,2148166,6525533464.00,117340,4592.25,2991.60),(710,3,'2025-08-12',3041.00,3096.40,3026.90,3035.40,3040.80,3039.80,3057.38,3358232,10267395735.00,165565,4592.25,2991.60),(711,3,'2025-08-11',3036.40,3049.90,3021.30,3040.80,3036.40,3042.00,3040.50,1884215,5728958256.00,132617,4592.25,2991.60),(712,3,'2025-08-08',3048.10,3059.80,3025.00,3036.40,3047.00,3031.90,3043.58,2762140,8406805181.00,119961,4592.25,2991.60),(713,3,'2025-08-07',3016.00,3051.60,3010.90,3047.00,3032.30,3049.10,3032.09,2543076,7710829083.00,138156,4592.25,2991.60),(714,3,'2025-08-06',3063.00,3066.80,3026.00,3032.30,3063.90,3031.60,3037.10,1487081,4516412671.00,109992,4592.25,2991.60),(715,3,'2025-08-05',3074.40,3077.50,3042.00,3063.90,3074.40,3060.00,3057.96,1927996,5895739286.00,118848,4592.25,2991.60),(716,3,'2025-08-04',3009.10,3079.40,2991.60,3074.40,3003.00,3078.70,3046.24,2519252,7674244864.00,154005,4592.25,2991.60),(717,3,'2025-08-01',3029.90,3036.80,3000.00,3003.00,3036.80,3001.10,3013.79,2053847,6189863145.00,154119,4592.25,3000.00),(718,3,'2025-07-31',3041.70,3059.80,3015.00,3036.80,3053.60,3033.20,3034.36,2968371,9007105954.00,199367,4592.25,3015.00),(719,3,'2025-07-30',3060.00,3069.00,3047.20,3053.60,3056.00,3052.10,3058.58,2880121,8809078907.00,127490,4592.25,3041.20),(720,3,'2025-07-29',3060.00,3074.00,3041.20,3056.00,3079.30,3057.00,3056.04,4785312,14624090931.00,247039,4592.25,3041.20),(721,3,'2025-07-28',3110.00,3118.00,3069.90,3079.30,3135.80,3085.80,3092.56,3374473,10435752450.00,273133,4592.25,3056.05),(722,3,'2025-07-25',3140.00,3156.90,3125.60,3135.80,3148.00,3140.00,3140.77,2568917,8068375806.00,105704,4592.25,3056.05),(723,3,'2025-07-24',3165.10,3173.70,3140.00,3148.00,3179.10,3144.90,3155.37,2934778,9260312011.00,102612,4592.25,3056.05),(724,3,'2025-07-23',3159.60,3182.00,3157.60,3179.10,3159.60,3175.00,3169.59,1922875,6094730939.00,96628,4592.25,3056.05),(725,3,'2025-07-22',3159.60,3180.10,3154.60,3159.60,3158.20,3164.70,3163.54,3198036,10117107299.00,138279,4592.25,3056.05),(726,3,'2025-07-21',3190.00,3197.60,3152.00,3158.20,3189.90,3158.90,3162.44,3844346,12157519337.00,195683,4592.25,3056.05),(727,3,'2025-07-18',3225.00,3228.80,3187.00,3189.90,3209.20,3189.60,3201.13,3432645,10988348160.00,195464,4592.25,3056.05),(728,3,'2025-07-17',3224.10,3242.00,3204.10,3209.20,3233.10,3207.70,3220.48,2947640,9492807476.00,157207,4592.25,3056.05),(729,3,'2025-07-16',3227.00,3244.90,3220.60,3233.10,3252.30,3230.90,3235.91,2540733,8221586413.00,172998,4592.25,3056.05),(730,3,'2025-07-15',3206.00,3259.40,3206.00,3252.30,3222.70,3252.00,3243.32,2590889,8403081368.00,171257,4592.25,3056.05),(731,3,'2025-07-14',3266.00,3272.00,3200.00,3222.70,3266.00,3227.50,3224.72,3924009,12653811862.00,396894,4592.25,3056.05),(732,3,'2025-07-11',3299.90,3335.00,3261.10,3266.00,3382.00,3264.50,3295.45,7635550,25162551686.00,552284,4592.25,3056.05),(733,3,'2025-07-10',3380.00,3399.00,3356.00,3382.00,3383.80,3395.00,3379.02,3035012,10255361030.00,176792,4592.25,3056.05),(734,3,'2025-07-09',3410.00,3414.00,3367.00,3383.80,3406.20,3386.00,3387.16,2034938,6892661354.00,191376,4592.25,3056.05),(735,3,'2025-07-08',3405.00,3425.00,3393.40,3406.20,3411.70,3406.00,3407.01,2325242,7922116744.00,178045,4592.25,3056.05),(736,3,'2025-07-07',3418.30,3426.10,3408.40,3411.70,3419.80,3410.60,3417.70,1639174,5602206128.00,73810,4592.25,3056.05),(737,3,'2025-07-04',3408.00,3427.00,3390.10,3419.80,3400.80,3420.00,3413.91,1109320,3787117010.00,87593,4592.25,3056.05),(738,3,'2025-07-03',3430.00,3435.30,3397.60,3400.80,3423.30,3400.00,3414.55,2531870,8645207975.00,131370,4592.25,3056.05),(739,3,'2025-07-02',3487.20,3489.90,3420.00,3423.30,3429.70,3423.50,3445.44,3090585,10648436048.00,111947,4592.25,3056.05),(740,3,'2025-07-01',3455.00,3485.00,3413.50,3429.70,3462.00,3430.00,3439.04,2375183,8168354151.00,125874,4592.25,3056.05),(741,3,'2025-06-30',3439.90,3464.90,3430.00,3462.00,3441.10,3460.00,3452.05,1468351,5068827379.00,130938,4592.25,3056.05),(742,4,'2026-06-30',13744.00,14201.00,13510.00,14115.00,13412.00,14152.00,13984.32,1511415,21136105823.00,192999,17370.00,12201.00),(743,4,'2026-06-29',13740.00,13840.00,13371.00,13412.00,13745.00,13472.00,13464.31,1358592,18292508819.00,163956,17370.00,12201.00),(744,4,'2026-06-25',13358.00,13917.00,13326.00,13745.00,13248.00,13753.00,13746.15,981556,13492616506.00,131284,17370.00,12201.00),(745,4,'2026-06-24',13440.00,13440.00,13201.00,13248.00,13451.00,13209.00,13276.91,327495,4348121238.00,49241,17370.00,12201.00),(746,4,'2026-06-23',13420.00,13549.00,13236.00,13451.00,13421.00,13430.00,13383.03,398558,5333913975.00,49903,17370.00,12201.00),(747,4,'2026-06-22',13450.00,13495.00,13380.00,13421.00,13395.00,13410.00,13447.45,254533,3422819935.00,44557,17370.00,12201.00),(748,4,'2026-06-19',13484.00,13507.00,13353.00,13395.00,13484.00,13422.00,13404.23,719756,9647776045.00,58625,17370.00,12201.00),(749,4,'2026-06-18',13646.00,13714.00,13433.00,13484.00,13630.00,13505.00,13520.52,373512,5050076437.00,45828,17370.00,12201.00),(750,4,'2026-06-17',13700.00,13740.00,13560.00,13630.00,13691.00,13633.00,13648.63,241534,3296608813.00,39753,17370.00,12201.00),(751,4,'2026-06-16',13861.00,13874.00,13661.00,13691.00,13805.00,13687.00,13746.87,280511,3856147581.00,46285,17370.00,12201.00),(752,4,'2026-06-15',13550.00,13961.00,13520.00,13805.00,13366.00,13806.00,13841.62,613280,8488786677.00,78530,17370.00,12201.00),(753,4,'2026-06-12',13232.00,13418.00,13130.00,13366.00,13098.00,13350.00,13308.23,559038,7439807276.00,61179,17370.00,12176.00),(754,4,'2026-06-11',13070.00,13217.00,12968.00,13098.00,13073.00,13134.00,13110.15,308710,4047235452.00,51117,17370.00,12176.00),(755,4,'2026-06-10',13118.00,13205.00,13050.00,13073.00,13120.00,13072.00,13133.95,203885,2677816413.00,36688,17370.00,12176.00),(756,4,'2026-06-09',13079.00,13157.00,12851.00,13120.00,12912.00,13119.00,12990.30,428323,5564042567.00,54402,17370.00,12176.00),(757,4,'2026-06-08',12900.00,13029.00,12841.00,12912.00,13050.00,12875.00,12955.46,372902,4831116675.00,51919,17370.00,12176.00),(758,4,'2026-06-05',13151.00,13175.00,12915.00,13050.00,13064.00,13035.00,13058.21,295703,3861351641.00,53111,17370.00,12016.00),(759,4,'2026-06-04',12990.00,13264.00,12949.00,13064.00,13044.00,13079.00,13133.84,465070,6108156834.00,77697,17370.00,12016.00),(760,4,'2026-06-03',13014.00,13206.00,12911.00,13044.00,13022.00,13038.00,13103.84,607808,7964618882.00,81557,17370.00,12016.00),(761,4,'2026-06-02',12700.00,13051.00,12700.00,13022.00,12946.00,13030.00,12898.66,586599,7566339289.00,83282,17370.00,12016.00),(762,4,'2026-06-01',13200.00,13267.00,12913.00,12946.00,13127.00,12930.00,13069.20,295359,3860107300.00,47925,17370.00,12016.00),(763,4,'2026-05-29',13456.00,13508.00,13050.00,13127.00,13364.00,13200.00,13188.05,963291,12703926249.00,86344,17370.00,12016.00),(764,4,'2026-05-27',13208.00,13417.00,13102.00,13364.00,13208.00,13395.00,13254.71,322020,4268281492.00,42239,17370.00,12016.00),(765,4,'2026-05-26',13188.00,13329.00,13134.00,13208.00,13170.00,13238.00,13245.04,256901,3402662899.00,51601,17370.00,12016.00),(766,4,'2026-05-25',13145.00,13236.00,13101.00,13170.00,12987.00,13188.00,13163.39,276553,3640375858.00,45284,17370.00,12016.00),(767,4,'2026-05-22',13100.00,13152.00,12974.00,12987.00,13010.00,12995.00,13042.00,387975,5059971729.00,50366,17370.00,12016.00),(768,4,'2026-05-21',13103.00,13150.00,12933.00,13010.00,13003.00,12995.00,13025.30,213095,2775625784.00,38947,17370.00,12016.00),(769,4,'2026-05-20',12850.00,13072.00,12753.00,13003.00,12956.00,13004.00,12946.83,300695,3893046313.00,48239,17370.00,12016.00),(770,4,'2026-05-19',13034.00,13104.00,12900.00,12956.00,13016.00,12924.00,12999.36,342737,4455361260.00,62575,17370.00,12016.00),(771,4,'2026-05-18',13127.00,13139.00,12850.00,13016.00,13221.00,13015.00,12955.43,373184,4834759941.00,50761,17370.00,12016.00),(772,4,'2026-05-15',13079.00,13325.00,13079.00,13221.00,13075.00,13230.00,13208.91,268206,3542708048.00,53269,17370.00,12016.00),(773,4,'2026-05-14',13234.00,13234.00,12926.00,13075.00,13103.00,13100.00,13056.36,286648,3742580112.00,53971,17370.00,12016.00),(774,4,'2026-05-13',13187.00,13285.00,12986.00,13103.00,13172.00,13110.00,13098.76,307027,4021674415.00,59301,17370.00,12016.00),(775,4,'2026-05-12',13442.00,13455.00,13150.00,13172.00,13483.00,13188.00,13265.33,302512,4012921097.00,57017,17370.00,12016.00),(776,4,'2026-05-11',13547.00,13657.00,13231.00,13483.00,13726.00,13496.00,13542.00,634354,8590424809.00,68547,17370.00,12016.00),(777,4,'2026-05-08',13672.00,13789.00,13626.00,13726.00,13770.00,13722.00,13705.93,270505,3707521407.00,49282,17370.00,12016.00),(778,4,'2026-05-07',13722.00,13870.00,13672.00,13770.00,13722.00,13770.00,13780.02,726199,10007038412.00,80259,17370.00,12016.00),(779,4,'2026-05-06',13555.00,13762.00,13379.00,13722.00,13426.00,13750.00,13588.05,435208,5913629211.00,64144,17370.00,12016.00),(780,4,'2026-05-05',13560.00,13568.00,13360.00,13426.00,13580.00,13450.00,13451.15,419490,5642621704.00,71821,17370.00,12016.00),(781,4,'2026-05-04',13559.00,13976.00,13435.00,13580.00,13314.00,13570.00,13689.64,722127,9885657764.00,110178,17370.00,12016.00),(782,4,'2026-04-30',13134.00,13360.00,12970.00,13314.00,13257.00,13320.00,13147.38,612975,8059016754.00,118085,17370.00,11289.00),(783,4,'2026-04-29',13090.00,13548.00,13090.00,13257.00,12892.00,13265.00,13406.74,754798,10119379735.00,110668,17370.00,11289.00),(784,4,'2026-04-28',13222.00,13307.00,12828.00,12892.00,13222.00,12890.00,13008.26,836679,10883733857.00,99075,17370.00,11289.00),(785,4,'2026-04-27',13153.00,13270.00,13043.00,13222.00,13048.00,13225.00,13158.47,312786,4115786478.00,49953,17370.00,11289.00),(786,4,'2026-04-24',13200.00,13253.00,12978.00,13048.00,13160.00,13060.00,13058.05,464098,6060213206.00,63742,17370.00,11289.00),(787,4,'2026-04-23',13250.00,13358.00,13125.00,13160.00,13337.00,13143.00,13202.49,541086,7143682323.00,86212,17370.00,11289.00),(788,4,'2026-04-22',13452.00,13530.00,13300.00,13337.00,13461.00,13379.00,13395.09,434640,5822042057.00,76175,17370.00,11289.00),(789,4,'2026-04-21',13456.00,13543.00,13421.00,13461.00,13450.00,13455.00,13494.28,292879,3952192315.00,50576,17370.00,11289.00),(790,4,'2026-04-20',13474.00,13533.00,13329.00,13450.00,13453.00,13420.00,13452.20,348629,4689828029.00,66963,17370.00,11289.00),(791,4,'2026-04-17',13300.00,13647.00,13256.00,13453.00,13335.00,13474.00,13508.91,549308,7420550780.00,75847,17370.00,11289.00),(792,4,'2026-04-16',13380.00,13435.00,13237.00,13335.00,13289.00,13340.00,13329.50,527309,7028765080.00,78206,17370.00,11289.00),(793,4,'2026-04-15',13250.00,13473.00,13200.00,13289.00,13076.00,13289.00,13320.26,699458,9316961882.00,89153,17370.00,11289.00),(794,4,'2026-04-13',13402.00,13420.00,12966.00,13076.00,13709.00,13076.00,13123.73,1347910,17689613577.00,151682,17370.00,11289.00),(795,4,'2026-04-10',13650.00,13797.00,13590.00,13709.00,13589.00,13689.00,13713.74,471921,6471799917.00,61274,17370.00,11059.45),(796,4,'2026-04-09',13570.00,13773.00,13330.00,13589.00,13602.00,13550.00,13572.97,549914,7463968261.00,88696,17370.00,11059.45),(797,4,'2026-04-08',13350.00,13745.00,13210.00,13602.00,12798.00,13570.00,13626.02,1026292,13984274915.00,113420,17370.00,11059.45),(798,4,'2026-04-07',12640.00,12835.00,12496.00,12798.00,12688.00,12800.00,12700.71,359542,4566437718.00,61151,17370.00,11059.45),(799,4,'2026-04-06',12631.00,12720.00,12420.00,12688.00,12631.00,12707.00,12574.50,382650,4811632458.00,61579,17370.00,11059.45),(800,4,'2026-04-02',12389.00,12673.00,12239.00,12631.00,12509.00,12590.00,12463.05,438227,5461644100.00,75593,17370.00,11059.45),(801,4,'2026-04-01',12900.00,12900.00,12333.00,12509.00,12306.00,12500.00,12530.46,501882,6288814114.00,78265,17370.00,11059.45),(802,4,'2026-03-30',12300.00,12424.00,12201.00,12306.00,12389.00,12250.00,12324.97,635675,7834673523.00,74933,17370.00,11059.45),(803,4,'2026-03-27',12626.00,12646.00,12342.00,12389.00,12711.00,12411.00,12416.08,775339,9626673228.00,125990,17370.00,11059.45),(804,4,'2026-03-25',12549.00,12780.00,12506.00,12711.00,12464.00,12701.00,12703.75,540649,6868269846.00,93885,17370.00,11059.45),(805,4,'2026-03-24',12600.00,12650.00,12332.00,12464.00,12355.00,12490.00,12472.33,583568,7278452524.00,78330,17370.00,11059.45),(806,4,'2026-03-23',12501.00,12501.00,12278.00,12355.00,12601.00,12309.00,12372.93,517985,6408991130.00,86813,17370.00,11059.45),(807,4,'2026-03-20',12605.00,12756.00,12556.00,12601.00,12599.00,12615.00,12642.81,725481,9172117297.00,70688,17370.00,11059.45),(808,4,'2026-03-19',12768.00,12838.00,12505.00,12599.00,13048.00,12600.00,12632.36,569346,7192181948.00,88799,17370.00,11059.45),(809,4,'2026-03-18',13100.00,13176.00,13015.00,13048.00,12972.00,13043.00,13099.71,458827,6010501399.00,67636,17370.00,11059.45),(810,4,'2026-03-17',12790.00,13100.00,12686.00,12972.00,12757.00,13010.00,12921.29,1178941,15233442744.00,152137,17370.00,11059.45),(811,4,'2026-03-16',12532.00,12874.00,12400.00,12757.00,12591.00,12740.00,12646.14,1416170,17909078298.00,191444,17370.00,11059.45),(812,4,'2026-03-13',12899.00,12962.00,12483.00,12591.00,13011.00,12615.00,12626.25,939594,11863552101.00,141518,17370.00,11059.45),(813,4,'2026-03-12',13430.00,13430.00,12966.00,13011.00,13497.00,12995.00,13132.22,544683,7152895645.00,115381,17370.00,11059.45),(814,4,'2026-03-11',13850.00,13948.00,13441.00,13497.00,13867.00,13500.00,13622.00,392182,5342303410.00,56788,17370.00,11059.45),(815,4,'2026-03-10',13721.00,13909.00,13505.00,13867.00,13508.00,13888.00,13715.57,353715,4851403778.00,78422,17370.00,11059.45),(816,4,'2026-03-09',13800.00,13800.00,13365.00,13508.00,14159.00,13498.00,13479.15,676224,9114922116.00,119817,17370.00,11059.45),(817,4,'2026-03-06',14339.00,14466.00,14115.00,14159.00,14415.00,14139.00,14290.27,390629,5582195243.00,57055,17370.00,11059.45),(818,4,'2026-03-05',14300.00,14570.00,14081.00,14415.00,14158.00,14471.00,14273.13,448650,6403638189.00,64922,17370.00,11059.45),(819,4,'2026-03-04',14150.00,14184.00,13794.00,14158.00,14388.00,14167.00,14005.38,710366,9948946240.00,155582,17370.00,11059.45),(820,4,'2026-03-02',14407.00,14684.00,14204.00,14388.00,14857.00,14368.00,14400.80,603744,8694396120.00,122558,17370.00,11059.45),(821,4,'2026-02-27',15110.00,15192.00,14804.00,14857.00,15213.00,14832.00,14915.29,478164,7131956751.00,59251,17370.00,11059.45),(822,4,'2026-02-26',15145.00,15224.00,15046.00,15213.00,15070.00,15201.00,15154.42,308213,4670789597.00,48205,17370.00,11059.45),(823,4,'2026-02-25',14860.00,15133.00,14837.00,15070.00,14926.00,15125.00,15033.87,356495,5359501097.00,44815,17370.00,11059.45),(824,4,'2026-02-24',15001.00,15062.00,14904.00,14926.00,15072.00,14920.00,14945.34,300991,4498411456.00,45176,17370.00,11059.45),(825,4,'2026-02-23',15050.00,15118.00,14984.00,15072.00,14977.00,15050.00,15051.28,242968,3656979904.00,46904,17370.00,11059.45),(826,4,'2026-02-20',14903.00,15077.00,14848.00,14977.00,14903.00,15009.00,14995.02,515847,7735135280.00,57723,17370.00,11059.45),(827,4,'2026-02-19',15163.00,15279.00,14853.00,14903.00,15164.00,14880.00,15075.27,152788,2303320080.00,28480,17370.00,11059.45),(828,4,'2026-02-18',15208.00,15239.00,15074.00,15164.00,15179.00,15165.00,15134.34,280772,4249297621.00,50345,17370.00,11059.45),(829,4,'2026-02-17',15031.00,15211.00,14960.00,15179.00,15051.00,15192.00,15140.83,166765,2524960791.00,35494,17370.00,11059.45),(830,4,'2026-02-16',15237.00,15299.00,14960.00,15051.00,15237.00,15064.00,15060.95,210175,3165434454.00,43446,17370.00,11059.45),(831,4,'2026-02-13',15309.00,15434.00,15190.00,15237.00,15326.00,15211.00,15307.46,208645,3193825032.00,40029,17370.00,11059.45),(832,4,'2026-02-12',15459.00,15459.00,15265.00,15326.00,15412.00,15328.00,15358.45,201895,3100794527.00,33240,17370.00,11059.45),(833,4,'2026-02-11',15180.00,15432.00,15174.00,15412.00,15146.00,15432.00,15359.12,360742,5540678740.00,56899,17370.00,11059.45),(834,4,'2026-02-10',14999.00,15349.00,14983.00,15146.00,14978.00,15136.00,15192.63,360240,5472993454.00,54830,17370.00,11059.45),(835,4,'2026-02-09',15125.00,15126.00,14905.00,14978.00,14997.00,14980.00,14982.94,200034,2997097685.00,35504,17370.00,11059.45),(836,4,'2026-02-06',15084.00,15118.00,14871.00,14997.00,15059.00,14980.00,14996.27,276529,4146904729.00,49861,17370.00,11059.45),(837,4,'2026-02-05',15090.00,15150.00,14900.00,15059.00,15071.00,15025.00,15050.40,374759,5640273975.00,54533,17370.00,11059.45),(838,4,'2026-02-04',14800.00,15170.00,14723.00,15071.00,14782.00,15009.00,15053.01,451065,6789885687.00,69763,17370.00,11059.45),(839,4,'2026-02-03',15200.00,15281.00,14482.00,14782.00,14384.00,14768.00,14790.30,638870,9449080571.00,102006,17370.00,11059.45),(840,4,'2026-02-02',14251.00,14446.00,14058.00,14384.00,14199.00,14378.00,14235.31,621514,8847446701.00,128565,17370.00,11059.45),(841,4,'2026-02-01',14650.00,14796.00,14136.00,14199.00,14599.00,14185.00,14416.10,393678,5675300263.00,66751,17370.00,11059.45),(842,4,'2026-01-30',14502.00,14679.00,14300.00,14599.00,14502.00,14580.00,14496.54,946509,13721100934.00,122639,17370.00,11059.45),(843,4,'2026-01-29',14870.00,14870.00,14353.00,14502.00,14877.00,14484.00,14484.41,716545,10378728054.00,130039,17370.00,11059.45),(844,4,'2026-01-28',15161.00,15294.00,14431.00,14877.00,15245.00,14880.00,14934.27,1584483,23663089539.00,222111,17370.00,11059.45),(845,4,'2026-01-27',15300.00,15387.00,15013.00,15245.00,15469.00,15237.00,15185.70,565768,8591582244.00,108384,17370.00,11059.45),(846,4,'2026-01-23',15819.00,15846.00,15439.00,15469.00,15765.00,15519.00,15550.60,338669,5266505014.00,70474,17370.00,11059.45),(847,4,'2026-01-22',15950.00,15971.00,15714.00,15765.00,15770.00,15735.00,15813.11,352320,5571273372.00,57179,17370.00,11059.45),(848,4,'2026-01-21',15675.00,15973.00,15675.00,15770.00,15879.00,15821.00,15785.48,345738,5457640419.00,66372,17370.00,11059.45),(849,4,'2026-01-20',16200.00,16233.00,15850.00,15879.00,16176.00,15912.00,15980.62,289609,4628130377.00,65162,17370.00,11059.45),(850,4,'2026-01-19',15859.00,16242.00,15813.00,16176.00,15859.00,16182.00,16102.93,385141,6201899035.00,61748,17370.00,11059.45),(851,4,'2026-01-16',16000.00,16197.00,15770.00,15859.00,16152.00,15877.00,15946.07,703056,11210982404.00,106310,17370.00,11059.45),(852,4,'2026-01-14',16390.00,16412.00,16090.00,16152.00,16426.00,16148.00,16219.81,240043,3893451263.00,45952,17370.00,11059.45),(853,4,'2026-01-13',16662.00,16726.00,16293.00,16426.00,16582.00,16387.00,16444.13,312205,5133939553.00,51846,17370.00,11059.45),(854,4,'2026-01-12',16456.00,16615.00,16271.00,16582.00,16501.00,16605.00,16463.42,288686,4752759953.00,63050,17370.00,11059.45),(855,4,'2026-01-09',16663.00,16704.00,16417.00,16501.00,16664.00,16500.00,16512.70,286302,4727618716.00,54207,17370.00,11059.45),(856,4,'2026-01-08',16808.00,16808.00,16541.00,16664.00,16809.00,16645.00,16676.70,238421,3976075058.00,48973,17370.00,11059.45),(857,4,'2026-01-07',17230.00,17249.00,16524.00,16809.00,17292.00,16806.00,16840.80,427979,7207507067.00,78385,17370.00,11059.45),(858,4,'2026-01-06',17170.00,17306.00,17142.00,17292.00,17155.00,17289.00,17235.10,192182,3312275529.00,37949,17370.00,11059.45),(859,4,'2026-01-05',17025.00,17370.00,16980.00,17155.00,16960.00,17170.00,17193.57,305668,5255523933.00,50038,17370.00,11059.45),(860,4,'2026-01-02',16750.00,16999.00,16723.00,16960.00,16708.00,16970.00,16948.66,388562,6585606939.00,61874,16999.00,10750.10),(861,4,'2026-01-01',16700.00,16798.00,16602.00,16708.00,16697.00,16713.00,16718.22,171293,2863714561.00,39926,16818.00,10750.10),(862,4,'2025-12-31',16581.00,16776.00,16581.00,16697.00,16647.00,16688.00,16682.77,314427,5245513521.00,65813,16818.00,10750.10),(863,4,'2025-12-30',16575.00,16818.00,16482.00,16647.00,16542.00,16625.00,16658.79,1055843,17589067242.00,122607,16818.00,10750.10),(864,4,'2025-12-29',16600.00,16682.00,16499.00,16542.00,16596.00,16552.00,16576.16,251796,4173811450.00,47443,16720.00,10750.10),(865,4,'2025-12-26',16703.00,16703.00,16516.00,16596.00,16703.00,16590.00,16594.13,212925,3533305925.00,23053,16720.00,10725.00),(866,4,'2025-12-24',16640.00,16720.00,16542.00,16703.00,16585.00,16710.00,16684.35,258486,4312671071.00,53697,16720.00,10725.00),(867,4,'2025-12-23',16709.00,16720.00,16558.00,16585.00,16649.00,16561.00,16607.00,215650,3581300352.00,35212,16720.00,10725.00),(868,4,'2025-12-22',16464.00,16693.00,16414.00,16649.00,16414.00,16681.00,16555.45,271590,4496295608.00,47733,16693.00,10725.00),(869,4,'2025-12-19',16329.00,16475.00,16329.00,16414.00,16329.00,16405.00,16412.92,360190,5911769247.00,35290,16660.00,10725.00),(870,4,'2025-12-18',16440.00,16486.00,16221.00,16329.00,16398.00,16306.00,16333.39,213981,3495035605.00,34024,16660.00,10725.00),(871,4,'2025-12-17',16389.00,16490.00,16357.00,16398.00,16354.00,16382.00,16408.94,257406,4223759764.00,37624,16660.00,10725.00),(872,4,'2025-12-16',16400.00,16451.00,16320.00,16354.00,16415.00,16326.00,16378.90,156134,2557303075.00,34270,16660.00,10725.00),(873,4,'2025-12-15',16500.00,16500.00,16360.00,16415.00,16522.00,16400.00,16420.85,225221,3698320481.00,41307,16660.00,10725.00),(874,4,'2025-12-12',16248.00,16536.00,16247.00,16522.00,16248.00,16515.00,16480.31,404711,6669761249.00,67799,16660.00,10725.00),(875,4,'2025-12-11',16049.00,16296.00,15983.00,16248.00,16019.00,16220.00,16218.56,268701,4357942870.00,58929,16660.00,10725.00),(876,4,'2025-12-10',16090.00,16125.00,15925.00,16019.00,16020.00,16000.00,16041.87,293374,4706266802.00,60509,16660.00,10725.00),(877,4,'2025-12-09',16051.00,16226.00,15985.00,16020.00,16187.00,15990.00,16073.38,276388,4442488107.00,46812,16660.00,10725.00),(878,4,'2025-12-08',16200.00,16256.00,16094.00,16187.00,16282.00,16178.00,16178.36,220513,3567537785.00,45874,16660.00,10725.00),(879,4,'2025-12-05',16000.00,16338.00,15979.00,16282.00,15994.00,16300.00,16194.46,332032,5377078767.00,48006,16660.00,10725.00),(880,4,'2025-12-04',16058.00,16135.00,15887.00,15994.00,16082.00,15979.00,15984.58,248812,3977155877.00,43223,16660.00,10725.00),(881,4,'2025-12-03',16219.00,16248.00,16010.00,16082.00,16239.00,16075.00,16083.48,264397,4252423071.00,46875,16660.00,10725.00),(882,4,'2025-12-02',16127.00,16261.00,16095.00,16239.00,16097.00,16245.00,16196.02,383165,6205747033.00,64843,16660.00,10725.00),(883,4,'2025-12-01',15975.00,16177.00,15851.00,16097.00,15900.00,16125.00,16023.48,434052,6955024200.00,72923,16660.00,10725.00),(884,4,'2025-11-28',15906.00,16049.00,15850.00,15900.00,15903.00,15890.00,15926.22,352340,5611445309.00,61014,16660.00,10725.00),(885,4,'2025-11-27',16166.00,16171.00,15875.00,15903.00,16156.00,15912.00,16003.54,339986,5440980837.00,71283,16660.00,10725.00),(886,4,'2025-11-26',15950.00,16210.00,15950.00,16156.00,15889.00,16140.00,16113.07,314946,5074748498.00,63775,16660.00,10725.00),(887,4,'2025-11-25',15958.00,16050.00,15842.00,15889.00,15958.00,15910.00,15957.35,214525,3423251345.00,43693,16660.00,10725.00),(888,4,'2025-11-24',16005.00,16085.00,15911.00,15958.00,15977.00,15926.00,15979.02,525788,8401576400.00,65816,16660.00,10725.00),(889,4,'2025-11-21',15790.00,16150.00,15737.00,15977.00,15801.00,16010.00,15987.46,586351,9374265295.00,66516,16660.00,10725.00),(890,4,'2025-11-20',15810.00,15823.00,15618.00,15801.00,15768.00,15822.00,15740.97,249492,3927246017.00,49594,16660.00,10725.00),(891,4,'2025-11-19',15950.00,15950.00,15715.00,15768.00,15930.00,15740.00,15799.67,286434,4525563697.00,49334,16660.00,10725.00),(892,4,'2025-11-18',15878.00,15999.00,15750.00,15930.00,15878.00,15919.00,15918.31,392903,6254353451.00,40550,16660.00,10725.00),(893,4,'2025-11-17',15689.00,15892.00,15655.00,15878.00,15684.00,15889.00,15825.89,301069,4764685848.00,39462,16660.00,10725.00),(894,4,'2025-11-14',15725.00,15735.00,15572.00,15684.00,15749.00,15708.00,15650.28,253698,3970445359.00,43613,16660.00,10725.00),(895,4,'2025-11-13',15661.00,15800.00,15660.00,15749.00,15696.00,15725.00,15744.77,250711,3947386271.00,43187,16660.00,10725.00),(896,4,'2025-11-12',15674.00,15731.00,15555.00,15696.00,15645.00,15654.00,15667.14,244015,3823017286.00,41126,16660.00,10725.00),(897,4,'2025-11-11',15640.00,15680.00,15512.00,15645.00,15583.00,15651.00,15613.47,181524,2834220115.00,42423,16660.00,10725.00),(898,4,'2025-11-10',15380.00,15647.00,15380.00,15583.00,15479.00,15600.00,15537.33,274191,4260196205.00,51294,16660.00,10725.00),(899,4,'2025-11-07',15459.00,15499.00,15260.00,15479.00,15452.00,15490.00,15392.88,227247,3497986309.00,47159,16660.00,10725.00),(900,4,'2025-11-06',15534.00,15534.00,15309.00,15452.00,15374.00,15449.00,15434.11,429800,6633579488.00,80278,16660.00,10725.00),(901,4,'2025-11-04',15607.00,15633.00,15355.00,15374.00,15651.00,15356.00,15465.51,748848,11581319295.00,112323,16660.00,10725.00),(902,4,'2025-11-03',16016.00,16100.00,15530.00,15651.00,16186.00,15634.00,15667.00,942850,14771635214.00,152759,16660.00,10725.00),(903,4,'2025-10-31',16204.00,16516.00,15949.00,16186.00,16206.00,16155.00,16247.98,719402,11688832854.00,103861,16660.00,10725.00),(904,4,'2025-10-30',16190.00,16275.00,16077.00,16206.00,16138.00,16190.00,16199.02,230383,3731979767.00,38004,16660.00,10725.00),(905,4,'2025-10-29',16360.00,16428.00,16046.00,16138.00,16311.00,16140.00,16250.17,232815,3783283107.00,39351,16660.00,10725.00),(906,4,'2025-10-28',16399.00,16495.00,16261.00,16311.00,16388.00,16309.00,16356.10,383383,6270649073.00,69797,16660.00,10725.00),(907,4,'2025-10-27',16350.00,16410.00,16275.00,16388.00,16274.00,16382.00,16343.41,209829,3429322041.00,39421,16660.00,10725.00),(908,4,'2025-10-24',16392.00,16423.00,16200.00,16274.00,16393.00,16267.00,16292.91,208520,3397396967.00,45966,16660.00,10725.00),(909,4,'2025-10-23',16660.00,16660.00,16340.00,16393.00,16396.00,16410.00,16408.10,481753,7904651754.00,81380,16660.00,10725.00),(910,4,'2025-10-21',16453.00,16476.00,16330.00,16396.00,16424.00,16335.00,16421.97,28990,476072873.00,4811,16549.00,10725.00),(911,4,'2025-10-20',16500.00,16518.00,16380.00,16424.00,16401.00,16400.00,16425.66,374246,6147238191.00,66810,16549.00,10725.00),(912,4,'2025-10-17',16298.00,16549.00,16298.00,16401.00,16298.00,16380.00,16431.00,411608,6763133045.00,62951,16549.00,10725.00),(913,4,'2025-10-16',16246.00,16332.00,16200.00,16298.00,16212.00,16295.00,16286.68,265727,4327811746.00,38122,16435.00,10725.00),(914,4,'2025-10-15',16300.00,16380.00,16200.00,16212.00,16261.00,16218.00,16286.65,266435,4339334831.00,43992,16435.00,10725.00),(915,4,'2025-10-14',16350.00,16350.00,16121.00,16261.00,16323.00,16300.00,16217.70,307925,4993834187.00,63401,16435.00,10725.00),(916,4,'2025-10-13',16264.00,16432.00,16218.00,16323.00,16265.00,16320.00,16332.27,337617,5514050574.00,56986,16435.00,10725.00),(917,4,'2025-10-10',15980.00,16315.00,15911.00,16265.00,15985.00,16285.00,16173.69,423031,6841972205.00,85744,16435.00,10725.00),(918,4,'2025-10-09',16070.00,16075.00,15853.00,15985.00,16012.00,15948.00,15943.31,300499,4790949910.00,53385,16435.00,10725.00),(919,4,'2025-10-08',16108.00,16236.00,15979.00,16012.00,16108.00,16014.00,16125.30,306518,4942694838.00,48172,16435.00,10725.00),(920,4,'2025-10-07',16014.00,16159.00,15977.00,16108.00,15998.00,16092.00,16108.24,330326,5320971490.00,52517,16435.00,10725.00),(921,4,'2025-10-06',15840.00,16057.00,15708.00,15998.00,15806.00,16001.00,15962.12,268497,4285780255.00,53647,16435.00,10725.00),(922,4,'2025-10-03',15949.00,16025.00,15736.00,15806.00,15965.00,15808.00,15823.16,470216,7440301086.00,68052,16435.00,10725.00),(923,4,'2025-10-01',16026.00,16109.00,15850.00,15965.00,16029.00,15970.00,15934.15,426075,6789144839.00,68436,16435.00,10725.00),(924,4,'2025-09-30',15985.00,16054.00,15921.00,16029.00,15984.00,16035.00,15999.63,390006,6239952133.00,60117,16435.00,10725.00),(925,4,'2025-09-29',16300.00,16340.00,15950.00,15984.00,16286.00,16000.00,16070.28,627326,10081302827.00,106920,16435.00,10725.00),(926,4,'2025-09-26',16235.00,16435.00,16202.00,16286.00,16269.00,16307.00,16356.06,490957,8030122303.00,103824,16435.00,10725.00),(927,4,'2025-09-25',16249.00,16370.00,16067.00,16269.00,16249.00,16236.00,16232.37,490262,7958113355.00,79885,16375.00,10725.00),(928,4,'2025-09-24',16188.00,16375.00,16063.00,16249.00,16097.00,16254.00,16240.09,663647,10777689205.00,105290,16375.00,10725.00),(929,4,'2025-09-23',16120.00,16325.00,16031.00,16097.00,15816.00,16083.00,16148.86,873114,14099794364.00,132040,16325.00,10725.00),(930,4,'2025-09-22',15879.00,16000.00,15779.00,15816.00,15864.00,15779.00,15904.26,302234,4806806833.00,60022,16060.00,10725.00),(931,4,'2025-09-19',16000.00,16060.00,15811.00,15864.00,15817.00,15880.00,15885.75,652443,10364547118.00,62166,16060.00,10725.00),(932,4,'2025-09-18',15916.00,15939.00,15703.00,15817.00,15801.00,15840.00,15821.81,642175,10160368757.00,112026,15939.00,10725.00),(933,4,'2025-09-17',15592.00,15818.00,15570.00,15801.00,15573.00,15790.00,15732.13,624986,9832357992.00,92349,15818.00,10725.00),(934,4,'2025-09-16',15300.00,15594.00,15284.00,15573.00,15265.00,15592.00,15459.79,381944,5904774595.00,63143,15594.00,10725.00),(935,4,'2025-09-15',15350.00,15378.00,15249.00,15265.00,15325.00,15277.00,15295.13,170587,2609150923.00,29191,15384.00,10725.00),(936,4,'2025-09-12',15160.00,15373.00,15153.00,15325.00,15095.00,15307.00,15311.60,420101,6432420385.00,67135,15384.00,10725.00),(937,4,'2025-09-11',15111.00,15191.00,15038.00,15095.00,15108.00,15119.00,15103.21,657161,9925241316.00,81386,15384.00,10725.00),(938,4,'2025-09-10',15366.00,15384.00,15072.00,15108.00,15365.00,15134.00,15189.25,489062,7428485424.00,95671,15384.00,10725.00),(939,4,'2025-09-09',15249.00,15384.00,15201.00,15365.00,15258.00,15339.00,15310.67,605860,9276125259.00,75284,15384.00,10725.00),(940,4,'2025-09-08',14921.00,15319.00,14850.00,15258.00,14895.00,15256.00,15178.18,691077,10489293330.00,117092,15319.00,10725.00),(941,4,'2025-09-05',14740.00,14957.00,14701.00,14895.00,14662.00,14903.00,14829.09,473806,7026110833.00,74445,15240.00,10725.00),(942,4,'2025-09-04',15240.00,15240.00,14630.00,14662.00,14927.00,14680.00,14852.46,784369,11649810635.00,132255,15240.00,10725.00),(943,4,'2025-09-03',14875.00,14991.00,14750.00,14927.00,14842.00,14911.00,14902.26,561656,8369943170.00,57170,14991.00,10725.00),(944,4,'2025-09-02',14859.00,14934.00,14783.00,14842.00,14887.00,14848.00,14862.16,379167,5635238875.00,63082,14938.00,10725.00),(945,4,'2025-09-01',14790.00,14938.00,14654.00,14887.00,14791.00,14865.00,14818.81,572927,8490094719.00,84752,14938.00,10725.00),(946,4,'2025-08-29',14750.00,14850.00,14692.00,14791.00,14752.00,14790.00,14773.55,621560,9182645808.00,120028,14895.00,10725.00),(947,4,'2025-08-28',14895.00,14895.00,14625.00,14752.00,14714.00,14798.00,14744.28,666635,9829050429.00,114042,14895.00,10725.00),(948,4,'2025-08-26',14452.00,14825.00,14391.00,14714.00,14452.00,14720.00,14669.48,962974,14126332347.00,141393,14825.00,10725.00),(949,4,'2025-08-25',14401.00,14478.00,14280.00,14452.00,14349.00,14450.00,14400.31,357110,5142495582.00,63692,14478.00,10725.00),(950,4,'2025-08-22',14349.00,14370.00,14230.00,14349.00,14280.00,14370.00,14324.59,458935,6574057277.00,103050,14401.00,10725.00),(951,4,'2025-08-21',14219.00,14401.00,14156.00,14280.00,14221.00,14280.00,14278.88,513460,7331631252.00,126872,14401.00,10725.00),(952,4,'2025-08-20',14362.00,14362.00,14200.00,14221.00,14250.00,14220.00,14253.63,391425,5579225853.00,73246,14362.00,10725.00),(953,4,'2025-08-19',14070.00,14270.00,13979.00,14250.00,14068.00,14235.00,14161.15,906623,12838824248.00,154240,14270.00,10725.00),(954,4,'2025-08-18',13703.00,14125.00,13664.00,14068.00,12936.00,14090.00,13938.19,2154781,30033753915.00,279326,14125.00,10725.00),(955,4,'2025-08-14',12864.00,12956.00,12825.00,12936.00,12834.00,12905.00,12902.63,318580,4110520647.00,55973,13541.65,10725.00),(956,4,'2025-08-13',12840.00,12925.00,12752.00,12834.00,12840.00,12839.00,12852.17,252065,3239581920.00,50617,13541.65,10725.00),(957,4,'2025-08-12',12620.00,12959.00,12606.00,12840.00,12597.00,12847.00,12857.67,504476,6486386920.00,90513,13541.65,10725.00),(958,4,'2025-08-11',12585.00,12734.00,12482.00,12597.00,12590.00,12583.00,12564.22,187230,2352398674.00,42810,13541.65,10725.00),(959,4,'2025-08-08',12630.00,12725.00,12564.00,12590.00,12632.00,12567.00,12631.48,247048,3120582057.00,42222,13541.65,10725.00),(960,4,'2025-08-07',12525.00,12654.00,12429.00,12632.00,12524.00,12625.00,12546.68,173393,2175506521.00,35095,13541.65,10725.00),(961,4,'2025-08-06',12570.00,12619.00,12483.00,12524.00,12537.00,12510.00,12536.79,151608,1900677480.00,31122,13541.65,10725.00),(962,4,'2025-08-05',12400.00,12577.00,12370.00,12537.00,12365.00,12543.00,12512.87,233560,2922504951.00,43967,13541.65,10725.00),(963,4,'2025-08-04',12326.00,12425.00,12225.00,12365.00,12302.00,12357.00,12328.72,255693,3152367752.00,60870,13541.65,10725.00),(964,4,'2025-08-01',12521.00,12779.00,12273.00,12302.00,12608.00,12275.00,12478.12,346024,4317729270.00,68394,13680.00,10725.00),(965,4,'2025-07-31',12506.00,12760.00,12464.00,12608.00,12618.00,12521.00,12574.65,709783,8925274901.00,106063,13680.00,10725.00),(966,4,'2025-07-30',12431.00,12643.00,12420.00,12618.00,12469.00,12588.00,12575.09,203847,2563395216.00,44622,13680.00,10725.00),(967,4,'2025-07-29',12340.00,12507.00,12268.00,12469.00,12340.00,12488.00,12395.17,285115,3534049999.00,44636,13680.00,10725.00),(968,4,'2025-07-28',12371.00,12535.00,12302.00,12340.00,12404.00,12335.00,12410.95,292879,3634907654.00,51251,13680.00,10725.00),(969,4,'2025-07-25',12545.00,12557.00,12357.00,12404.00,12557.00,12385.00,12418.29,260700,3237449240.00,42048,13680.00,10725.00),(970,4,'2025-07-24',12648.00,12661.00,12519.00,12557.00,12627.00,12565.00,12580.83,157163,1977240460.00,37229,13680.00,10725.00),(971,4,'2025-07-23',12540.00,12719.00,12540.00,12627.00,12492.00,12638.00,12649.16,342005,4326076177.00,45794,13680.00,10725.00),(972,4,'2025-07-22',12449.00,12530.00,12319.00,12492.00,12405.00,12504.00,12435.29,169006,2101638620.00,38928,13680.00,10725.00),(973,4,'2025-07-21',12431.00,12478.00,12342.00,12405.00,12419.00,12385.00,12394.86,232066,2876425473.00,44842,13680.00,10725.00),(974,4,'2025-07-18',12525.00,12527.00,12370.00,12419.00,12476.00,12424.00,12423.69,124068,1541382207.00,21217,13680.00,10725.00),(975,4,'2025-07-17',12569.00,12627.00,12463.00,12476.00,12564.00,12492.00,12528.95,189207,2370565635.00,40988,13680.00,10725.00),(976,4,'2025-07-16',12536.00,12571.00,12439.00,12564.00,12536.00,12569.00,12511.87,204480,2558428073.00,37086,13680.00,10725.00),(977,4,'2025-07-15',12481.00,12598.00,12481.00,12536.00,12514.00,12545.00,12538.33,147377,1847860810.00,30834,13680.00,10725.00),(978,4,'2025-07-14',12590.00,12616.00,12431.00,12514.00,12574.00,12534.00,12509.48,246737,3086552445.00,38640,13680.00,10725.00),(979,4,'2025-07-11',12640.00,12685.00,12521.00,12574.00,12650.00,12585.00,12572.25,194420,2444295993.00,41643,13680.00,10725.00),(980,4,'2025-07-10',12500.00,12670.00,12401.00,12650.00,12470.00,12644.00,12598.36,277325,3493839715.00,44249,13680.00,10725.00),(981,4,'2025-07-09',12435.00,12540.00,12430.00,12470.00,12414.00,12453.00,12479.64,174203,2173990741.00,34715,13680.00,10725.00),(982,4,'2025-07-08',12525.00,12555.00,12359.00,12414.00,12520.00,12435.00,12414.18,241050,2992436939.00,36530,13680.00,10725.00),(983,4,'2025-07-07',12647.00,12670.00,12471.00,12520.00,12646.00,12507.00,12520.87,220116,2756043198.00,48336,13680.00,10725.00),(984,4,'2025-07-04',12715.00,12748.00,12608.00,12646.00,12752.00,12647.00,12643.58,225607,2852480073.00,44264,13680.00,10725.00),(985,4,'2025-07-03',12630.00,12820.00,12590.00,12752.00,12622.00,12750.00,12746.65,606221,7727285261.00,88815,13680.00,10725.00),(986,4,'2025-07-02',12380.00,12643.00,12359.00,12622.00,12442.00,12615.00,12544.16,609735,7648614659.00,67518,13680.00,10725.00),(987,4,'2025-07-01',12450.00,12459.00,12320.00,12442.00,12400.00,12432.00,12412.03,283481,3518573297.00,53573,13680.00,10725.00),(988,4,'2025-06-30',12667.00,12675.00,12332.00,12400.00,12642.00,12406.00,12455.02,448956,5591754684.00,75415,13680.00,10725.00),(989,5,'2026-06-30',1885.00,1892.90,1859.40,1862.50,1874.80,1867.80,1871.13,2352774,4402345118.00,86436,1916.60,1548.00),(990,5,'2026-06-29',1876.80,1897.10,1855.90,1874.80,1862.80,1873.00,1881.74,1655869,3115907930.00,88812,1916.60,1548.00),(991,5,'2026-06-25',1870.00,1887.00,1858.00,1862.80,1874.40,1861.50,1869.30,1816438,3395464237.00,90821,1916.60,1548.00),(992,5,'2026-06-24',1868.00,1882.10,1864.90,1874.40,1868.00,1874.10,1874.16,1406231,2635498232.00,66124,1916.60,1548.00),(993,5,'2026-06-23',1870.00,1902.40,1861.20,1868.00,1862.90,1867.00,1881.58,2812236,5291445580.00,94438,1916.60,1548.00),(994,5,'2026-06-22',1845.00,1865.20,1834.00,1862.90,1838.30,1864.00,1856.20,1588758,2949050052.00,65829,1916.60,1548.00),(995,5,'2026-06-19',1824.00,1842.70,1820.90,1838.30,1824.80,1840.40,1833.29,2126703,3898863213.00,99442,1916.60,1548.00),(996,5,'2026-06-18',1817.50,1830.00,1812.50,1824.80,1820.40,1826.50,1821.22,2054738,3742132204.00,62361,1916.60,1548.00),(997,5,'2026-06-17',1814.00,1823.40,1802.60,1820.40,1800.70,1821.00,1815.31,1771990,3216702656.00,79031,1916.60,1548.00),(998,5,'2026-06-16',1808.00,1809.90,1792.60,1800.70,1806.00,1805.00,1801.15,1373638,2474122072.00,74143,1916.60,1548.00),(999,5,'2026-06-15',1818.00,1818.00,1797.80,1806.00,1807.70,1804.10,1804.82,2188933,3950631439.00,62132,1916.60,1548.00),(1000,5,'2026-06-12',1807.00,1814.50,1792.50,1807.70,1794.20,1807.00,1806.35,1243362,2245942597.00,67094,1916.60,1548.00),(1001,5,'2026-06-11',1780.00,1805.00,1778.70,1794.20,1786.40,1799.00,1794.54,1858093,3334423001.00,77428,1916.60,1548.00),(1002,5,'2026-06-10',1779.60,1797.60,1771.00,1786.40,1779.00,1787.10,1786.39,1882009,3362007285.00,93883,1916.60,1548.00),(1003,5,'2026-06-09',1787.70,1796.60,1766.10,1779.00,1788.80,1780.00,1780.02,3756570,6686786786.00,96916,1916.60,1548.00),(1004,5,'2026-06-08',1780.70,1803.50,1773.50,1788.80,1782.20,1791.70,1793.47,3098542,5557139875.00,100745,1916.60,1548.00),(1005,5,'2026-06-05',1789.00,1802.90,1779.00,1782.20,1780.10,1783.10,1789.11,2495159,4464103157.00,93080,1916.60,1548.00),(1006,5,'2026-06-04',1787.00,1793.40,1768.60,1780.10,1788.50,1781.60,1779.29,2343536,4169832393.00,101086,1916.60,1548.00),(1007,5,'2026-06-03',1781.00,1796.30,1756.80,1788.50,1789.90,1787.00,1775.57,4209769,7474735376.00,151218,1916.60,1548.00),(1008,5,'2026-06-02',1794.20,1800.00,1766.50,1789.90,1796.50,1787.10,1783.72,2885899,5147622885.00,132817,1916.60,1548.00),(1009,5,'2026-06-01',1812.00,1812.10,1777.10,1796.50,1799.20,1790.00,1798.03,2051152,3688025198.00,70321,1916.60,1548.00),(1010,5,'2026-05-29',1844.30,1852.80,1785.30,1799.20,1844.30,1803.50,1804.20,10058572,18147625467.00,118424,1916.60,1548.00),(1011,5,'2026-05-27',1865.00,1882.00,1830.00,1844.30,1840.80,1840.00,1843.53,1385752,2554676099.00,72006,1916.60,1548.00),(1012,5,'2026-05-26',1830.00,1844.90,1815.90,1840.80,1840.60,1842.50,1830.64,2337759,4279598286.00,94754,1916.60,1548.00),(1013,5,'2026-05-25',1840.00,1849.00,1825.00,1840.60,1844.60,1844.00,1838.34,3049028,5605161203.00,98582,1916.60,1548.00),(1014,5,'2026-05-22',1903.00,1903.00,1833.10,1844.60,1891.30,1840.00,1857.96,3610732,6708585169.00,116784,1916.60,1548.00),(1015,5,'2026-05-21',1892.00,1899.60,1868.10,1891.30,1880.30,1887.00,1885.07,1605806,3027052850.00,71066,1916.60,1548.00),(1016,5,'2026-05-20',1880.00,1892.90,1872.00,1880.30,1882.30,1880.00,1881.48,1376695,2590225448.00,82438,1916.60,1548.00),(1017,5,'2026-05-19',1900.50,1916.60,1880.00,1882.30,1905.80,1884.70,1893.83,2200951,4168235767.00,93085,1916.60,1548.00),(1018,5,'2026-05-18',1878.20,1911.00,1865.00,1905.80,1878.20,1904.00,1894.67,3456331,6548616257.00,124441,1911.00,1548.00),(1019,5,'2026-05-15',1874.00,1887.90,1863.20,1878.20,1863.20,1878.00,1878.37,2756465,5177652926.00,82994,1887.90,1548.00),(1020,5,'2026-05-14',1852.00,1867.50,1829.70,1863.20,1824.80,1862.90,1855.43,2429220,4507246902.00,136260,1885.80,1548.00),(1021,5,'2026-05-13',1845.70,1860.00,1820.00,1824.80,1845.70,1823.60,1833.49,1972365,3616309921.00,91959,1885.80,1548.00),(1022,5,'2026-05-12',1875.00,1879.40,1840.00,1845.70,1872.70,1844.80,1862.54,3263351,6078113798.00,107828,1885.80,1548.00),(1023,5,'2026-05-11',1827.20,1885.80,1825.00,1872.70,1847.90,1875.00,1871.76,2564978,4801011521.00,80860,1885.80,1548.00),(1024,5,'2026-05-08',1822.00,1857.50,1819.20,1847.90,1834.40,1845.00,1846.76,2837885,5240894510.00,80927,1857.80,1548.00),(1025,5,'2026-05-07',1850.20,1857.10,1826.30,1834.40,1850.20,1833.00,1836.37,2201070,4041989615.00,118198,1857.80,1548.00),(1026,5,'2026-05-06',1837.00,1857.80,1818.40,1850.20,1820.80,1850.00,1844.16,3247156,5988261994.00,101706,1857.80,1548.00),(1027,5,'2026-05-05',1828.50,1831.70,1798.60,1820.80,1823.50,1818.00,1815.82,3011421,5468211021.00,147482,1849.00,1548.00),(1028,5,'2026-05-04',1820.00,1841.00,1810.00,1823.50,1808.30,1822.40,1822.20,4206373,7664832048.00,112270,1849.00,1548.00),(1029,5,'2026-04-30',1771.00,1815.00,1761.40,1808.30,1778.70,1810.00,1794.45,4749798,8523280618.00,155505,1851.20,1548.00),(1030,5,'2026-04-29',1756.00,1789.80,1750.00,1778.70,1747.30,1773.00,1760.60,9809449,17270551999.00,165151,1851.20,1548.00),(1031,5,'2026-04-28',1724.00,1763.90,1714.30,1747.30,1733.50,1749.00,1743.40,16599167,28938978247.00,247269,1851.20,1548.00),(1032,5,'2026-04-27',1625.00,1766.90,1621.90,1733.50,1620.40,1731.00,1726.33,26995361,46602907335.00,475171,1851.20,1548.00),(1033,5,'2026-04-24',1670.40,1673.30,1613.60,1620.40,1680.10,1618.50,1628.64,9606128,15644965263.00,210993,1851.20,1548.00),(1034,5,'2026-04-23',1669.00,1713.00,1661.20,1680.10,1669.80,1678.00,1692.35,3245164,5491967619.00,89851,1851.20,1548.00),(1035,5,'2026-04-22',1665.20,1673.90,1652.40,1669.80,1665.20,1668.90,1663.99,2169514,3610043098.00,77784,1851.20,1548.00),(1036,5,'2026-04-21',1667.20,1682.90,1659.90,1665.20,1668.60,1666.20,1669.56,3631490,6062987668.00,79616,1851.20,1548.00),(1037,5,'2026-04-20',1680.00,1680.00,1665.00,1668.60,1675.50,1666.00,1671.13,1834532,3065734813.00,77504,1851.20,1548.00),(1038,5,'2026-04-17',1696.90,1696.90,1670.50,1675.50,1693.10,1675.50,1678.34,3146482,5280881029.00,120184,1851.20,1548.00),(1039,5,'2026-04-16',1713.90,1713.90,1666.60,1693.10,1696.60,1695.00,1686.17,4512633,7609044586.00,167609,1851.20,1548.00),(1040,5,'2026-04-15',1675.00,1699.20,1657.70,1696.60,1652.20,1694.00,1680.92,3760449,6321031457.00,111258,1851.20,1548.00),(1041,5,'2026-04-13',1654.90,1668.70,1640.10,1652.20,1654.90,1653.60,1653.92,3751005,6203856110.00,135164,1851.20,1548.00),(1042,5,'2026-04-10',1699.20,1700.00,1630.40,1654.90,1717.10,1655.00,1651.22,8089531,13357571566.00,233713,1851.20,1548.00),(1043,5,'2026-04-09',1702.70,1730.90,1702.70,1717.10,1714.60,1715.00,1717.95,3276165,5628303238.00,126218,1851.20,1548.00),(1044,5,'2026-04-08',1730.00,1749.20,1685.50,1714.60,1718.00,1713.00,1706.01,4859877,8291020145.00,142829,1851.20,1548.00),(1045,5,'2026-04-07',1689.80,1723.90,1681.30,1718.00,1694.60,1721.00,1713.65,2471378,4235074140.00,100599,1851.20,1548.00),(1046,5,'2026-04-06',1684.30,1699.00,1654.90,1694.60,1693.60,1699.00,1677.29,3533715,5927065759.00,104224,1851.20,1548.00),(1047,5,'2026-04-02',1665.00,1700.00,1620.00,1693.60,1728.50,1692.00,1675.20,3937824,6596650698.00,173560,1851.20,1548.00),(1048,5,'2026-04-01',1762.10,1788.00,1713.20,1728.50,1757.20,1730.90,1749.78,3245628,5679141446.00,116435,1851.20,1548.00),(1049,5,'2026-03-30',1786.80,1790.00,1750.10,1757.20,1793.60,1762.00,1767.64,4182503,7393177891.00,141563,1851.20,1548.00),(1050,5,'2026-03-27',1785.00,1819.00,1785.00,1793.60,1795.40,1794.00,1799.10,2975423,5353082581.00,135665,1851.20,1548.00),(1051,5,'2026-03-25',1766.70,1809.50,1755.50,1795.40,1753.30,1800.00,1785.66,1900794,3394167607.00,125871,1851.20,1548.00),(1052,5,'2026-03-24',1775.00,1779.90,1745.10,1753.30,1758.40,1752.80,1761.15,2040152,3593014970.00,119804,1851.20,1548.00),(1053,5,'2026-03-23',1774.80,1775.00,1741.10,1758.40,1777.10,1747.10,1764.85,2783613,4912646744.00,121645,1851.20,1548.00),(1054,5,'2026-03-20',1755.10,1781.30,1754.30,1777.10,1744.40,1770.60,1774.66,3591446,6373612720.00,78694,1851.20,1548.00),(1055,5,'2026-03-19',1760.50,1784.00,1737.90,1744.40,1778.30,1749.70,1752.56,2301164,4032917388.00,83082,1851.20,1548.00),(1056,5,'2026-03-18',1799.60,1805.00,1773.20,1778.30,1794.40,1781.50,1786.76,2436459,4353356898.00,90241,1851.20,1548.00),(1057,5,'2026-03-17',1794.10,1806.10,1781.10,1794.40,1783.20,1794.50,1795.18,1979497,3553562224.00,129978,1851.20,1548.00),(1058,5,'2026-03-16',1801.60,1818.00,1768.80,1783.20,1801.60,1776.00,1785.28,2452391,4378206186.00,120063,1851.20,1548.00),(1059,5,'2026-03-13',1822.00,1833.30,1797.00,1801.60,1825.30,1802.00,1810.04,2554627,4623965369.00,166930,1851.20,1548.00),(1060,5,'2026-03-12',1828.00,1833.60,1808.40,1825.30,1825.90,1827.00,1825.31,2606057,4756869065.00,128965,1851.20,1548.00),(1061,5,'2026-03-11',1823.00,1843.00,1818.10,1825.90,1812.80,1824.00,1830.67,2510495,4595876382.00,159363,1851.20,1548.00),(1062,5,'2026-03-10',1810.00,1825.10,1803.30,1812.80,1807.40,1812.00,1812.29,3298680,5978157055.00,123750,1851.20,1548.00),(1063,5,'2026-03-09',1772.90,1815.00,1770.00,1807.40,1799.40,1805.00,1796.08,4112775,7386859843.00,221649,1851.20,1548.00),(1064,5,'2026-03-06',1784.50,1805.60,1771.80,1799.40,1784.50,1793.50,1797.42,3669921,6596385331.00,166486,1851.20,1548.00),(1065,5,'2026-03-05',1750.00,1794.90,1748.00,1784.50,1750.50,1783.70,1782.03,3600895,6416889656.00,227357,1851.20,1548.00),(1066,5,'2026-03-04',1721.20,1757.20,1721.00,1750.50,1752.50,1750.00,1745.68,4914857,8579781846.00,180680,1851.20,1548.00),(1067,5,'2026-03-02',1712.00,1759.90,1712.00,1752.50,1737.00,1753.20,1742.46,3919270,6829178558.00,150940,1851.20,1548.00),(1068,5,'2026-02-27',1779.00,1788.10,1730.90,1737.00,1785.70,1742.90,1751.28,3041489,5326487550.00,94899,1851.20,1548.00),(1069,5,'2026-02-26',1764.20,1792.20,1760.30,1785.70,1764.20,1787.50,1780.08,2076586,3696480668.00,128189,1851.20,1548.00),(1070,5,'2026-02-25',1742.00,1770.40,1733.40,1764.20,1731.80,1763.30,1760.18,1200997,2113970011.00,94816,1851.20,1548.00),(1071,5,'2026-02-24',1732.00,1745.90,1723.70,1731.80,1732.30,1737.80,1734.79,2769363,4804266424.00,91605,1851.20,1548.00),(1072,5,'2026-02-23',1732.90,1735.80,1720.20,1732.30,1724.40,1732.00,1728.21,1550400,2679424359.00,51742,1851.20,1548.00),(1073,5,'2026-02-20',1710.10,1727.00,1708.10,1724.40,1713.40,1724.00,1722.21,1203988,2073525847.00,35649,1851.20,1548.00),(1074,5,'2026-02-19',1722.20,1727.00,1710.00,1713.40,1724.40,1710.10,1719.67,1143429,1966317642.00,47406,1851.20,1548.00),(1075,5,'2026-02-18',1720.40,1730.60,1717.10,1724.40,1717.10,1725.50,1725.51,1262429,2178331033.00,47912,1851.20,1548.00),(1076,5,'2026-02-17',1696.00,1719.00,1693.90,1717.10,1700.50,1716.60,1714.57,1053855,1806912918.00,46102,1851.20,1548.00),(1077,5,'2026-02-16',1697.50,1715.00,1693.40,1700.50,1697.50,1698.40,1700.03,1247403,2120624734.00,72604,1851.20,1548.00),(1078,5,'2026-02-13',1714.90,1719.00,1694.60,1697.50,1714.90,1699.10,1704.75,1148165,1957333371.00,57795,1851.20,1548.00),(1079,5,'2026-02-12',1714.80,1719.00,1701.20,1714.90,1711.10,1714.60,1713.50,1359444,2329411614.00,74644,1851.20,1548.00),(1080,5,'2026-02-11',1715.00,1716.70,1702.50,1711.10,1707.80,1706.00,1710.17,1175501,2010305915.00,70325,1851.20,1548.00),(1081,5,'2026-02-10',1709.60,1719.80,1702.10,1707.80,1704.60,1706.00,1710.17,1869988,3197996626.00,98706,1851.20,1548.00),(1082,5,'2026-02-09',1706.70,1713.40,1696.00,1704.60,1695.10,1706.00,1707.59,2647031,4520052869.00,79298,1851.20,1548.00),(1083,5,'2026-02-06',1709.00,1709.00,1689.60,1695.10,1702.60,1694.70,1695.07,1277116,2164798273.00,73261,1851.20,1548.00),(1084,5,'2026-02-05',1699.00,1710.00,1684.30,1702.60,1704.40,1703.10,1700.80,3074842,5229686195.00,108065,1851.20,1548.00),(1085,5,'2026-02-04',1714.90,1729.00,1695.30,1704.40,1702.10,1703.00,1708.83,3952775,6754624884.00,203292,1851.20,1548.00),(1086,5,'2026-02-03',1709.90,1725.00,1671.00,1702.10,1627.90,1702.10,1697.42,8520586,14463023470.00,271636,1851.20,1548.00),(1087,5,'2026-02-02',1634.00,1634.00,1598.20,1627.90,1610.10,1628.90,1617.48,2721280,4401605386.00,95488,1851.20,1548.00),(1088,5,'2026-02-01',1640.00,1655.70,1590.00,1610.10,1595.30,1609.00,1622.66,2373624,3851590231.00,75134,1851.20,1548.00),(1089,5,'2026-01-30',1589.30,1606.50,1585.10,1595.30,1589.30,1595.00,1595.94,3962196,6323438391.00,78221,1851.20,1548.00),(1090,5,'2026-01-29',1625.00,1625.00,1583.70,1589.30,1610.60,1590.50,1592.48,5796513,9230841196.00,115745,1851.20,1548.00),(1091,5,'2026-01-28',1639.90,1649.30,1600.00,1610.60,1638.90,1608.00,1608.34,4124391,6633443587.00,62966,1851.20,1548.00),(1092,5,'2026-01-27',1658.20,1658.20,1622.30,1638.90,1631.90,1639.00,1635.62,2666522,4361406723.00,115421,1851.20,1548.00),(1093,5,'2026-01-23',1640.00,1648.90,1625.40,1631.90,1634.20,1633.00,1634.48,1678658,2743740097.00,65473,1851.20,1548.00),(1094,5,'2026-01-22',1614.10,1646.50,1613.20,1634.20,1612.90,1635.50,1627.51,2279862,3710488529.00,88059,1851.20,1548.00),(1095,5,'2026-01-21',1637.00,1645.00,1607.70,1612.90,1613.80,1615.00,1620.54,3947877,6397691086.00,131871,1851.20,1548.00),(1096,5,'2026-01-20',1674.10,1674.10,1602.80,1613.80,1675.40,1621.30,1632.88,5019166,8195703288.00,156302,1851.20,1548.00),(1097,5,'2026-01-19',1650.00,1687.30,1600.00,1675.40,1668.90,1674.90,1668.73,2975272,4964916397.00,98665,1851.20,1548.00),(1098,5,'2026-01-16',1708.00,1708.00,1659.30,1668.90,1700.70,1671.10,1671.95,3697596,6182181393.00,249009,1851.20,1548.00),(1099,5,'2026-01-14',1737.10,1737.10,1689.20,1700.70,1728.70,1706.30,1701.62,2479677,4219472604.00,94476,1851.20,1548.00),(1100,5,'2026-01-13',1743.00,1743.80,1712.10,1728.70,1736.00,1727.90,1722.48,1770082,3048935592.00,42237,1851.20,1548.00),(1101,5,'2026-01-12',1732.10,1744.30,1714.10,1736.00,1729.90,1736.00,1727.20,2327272,4019674449.00,77257,1851.20,1548.00),(1102,5,'2026-01-09',1765.20,1765.20,1727.00,1729.90,1760.70,1737.00,1736.65,1585689,2753781399.00,49564,1865.00,1548.00),(1103,5,'2026-01-08',1766.00,1778.60,1757.70,1760.70,1782.60,1760.00,1767.33,1910656,3376754053.00,73921,1865.00,1548.00),(1104,5,'2026-01-07',1755.00,1806.60,1748.50,1782.60,1760.20,1783.40,1778.55,3059500,5441474789.00,88117,1865.00,1548.00),(1105,5,'2026-01-06',1725.70,1762.60,1725.70,1760.20,1728.90,1760.00,1749.19,1658801,2901552532.00,63551,1865.00,1548.00),(1106,5,'2026-01-05',1728.00,1746.00,1723.40,1728.90,1728.00,1725.70,1735.55,1416698,2458755201.00,55519,1865.00,1548.00),(1107,5,'2026-01-02',1721.10,1732.00,1719.40,1728.00,1721.10,1729.90,1726.20,974123,1681533429.00,29743,1910.00,1548.00),(1108,5,'2026-01-01',1720.00,1726.00,1708.90,1721.10,1719.70,1725.00,1718.56,877515,1508057870.00,31190,1910.00,1548.00),(1109,5,'2025-12-31',1720.20,1725.60,1715.50,1719.70,1720.20,1720.00,1720.23,1428439,2457249597.00,77219,1910.00,1548.00),(1110,5,'2025-12-30',1723.10,1723.10,1707.00,1720.20,1717.20,1720.00,1717.43,2639497,4533147074.00,102167,1910.00,1548.00),(1111,5,'2025-12-29',1719.50,1727.50,1710.30,1717.20,1719.50,1718.00,1720.24,1800816,3097841348.00,68826,1910.00,1548.00),(1112,5,'2025-12-26',1737.00,1737.00,1708.00,1719.50,1737.00,1720.00,1716.05,2507337,4302718010.00,101172,1910.00,1548.00),(1113,5,'2025-12-24',1755.90,1759.00,1719.00,1737.00,1755.90,1737.90,1735.44,2224786,3860988802.00,86875,1910.00,1548.00),(1114,5,'2025-12-23',1772.00,1774.60,1751.70,1755.90,1769.80,1753.40,1763.78,1124853,1983992874.00,46712,1910.00,1548.00),(1115,5,'2025-12-22',1744.90,1773.20,1743.10,1769.80,1744.90,1771.50,1762.72,1467257,2586358737.00,81361,1910.00,1548.00),(1116,5,'2025-12-19',1747.00,1760.00,1741.20,1744.90,1745.90,1745.50,1746.75,2768986,4836724717.00,77946,1910.00,1548.00),(1117,5,'2025-12-18',1785.00,1785.00,1736.00,1745.90,1792.90,1746.00,1747.03,3461351,6047088657.00,182076,1910.00,1548.00),(1118,5,'2025-12-17',1781.00,1797.60,1771.50,1792.90,1781.30,1789.50,1787.62,1910628,3415485604.00,100983,1910.00,1548.00),(1119,5,'2025-12-16',1790.00,1791.90,1778.30,1781.30,1797.10,1783.20,1784.82,1533979,2737881657.00,86772,1910.00,1548.00),(1120,5,'2025-12-15',1779.00,1804.60,1777.60,1797.10,1793.50,1797.10,1790.31,1396948,2500965160.00,77261,1910.00,1548.00),(1121,5,'2025-12-12',1808.00,1811.80,1791.00,1793.50,1807.20,1794.20,1798.37,1442309,2593798717.00,65597,1910.00,1548.00),(1122,5,'2025-12-11',1778.00,1810.50,1775.10,1807.20,1785.50,1807.00,1798.06,1280916,2303164558.00,56389,1910.00,1548.00),(1123,5,'2025-12-10',1787.90,1791.70,1767.90,1785.50,1776.00,1788.50,1780.60,2321746,4134111473.00,93159,1910.00,1548.00),(1124,5,'2025-12-09',1796.00,1801.20,1772.00,1776.00,1796.20,1774.20,1785.37,2401728,4287983739.00,92205,1910.00,1548.00),(1125,5,'2025-12-08',1805.30,1806.00,1785.70,1796.20,1805.30,1794.90,1795.15,2410074,4326436546.00,83796,1910.00,1548.00),(1126,5,'2025-12-05',1819.00,1820.20,1800.20,1805.30,1818.30,1805.00,1807.51,1777401,3212676829.00,73764,1910.00,1548.00),(1127,5,'2025-12-04',1808.40,1823.20,1798.30,1818.30,1806.70,1813.70,1813.77,1713961,3108739244.00,80509,1910.00,1548.00),(1128,5,'2025-12-03',1805.00,1816.00,1782.50,1806.70,1799.50,1803.00,1798.78,2114510,3803537504.00,69470,1910.00,1548.00),(1129,5,'2025-12-02',1804.00,1814.90,1788.60,1799.50,1807.40,1804.90,1797.04,2948688,5298916753.00,81274,1910.00,1548.00),(1130,5,'2025-12-01',1841.00,1849.00,1801.00,1807.40,1831.60,1809.00,1813.24,1869293,3389471342.00,90208,1910.00,1548.00),(1131,5,'2025-11-28',1810.30,1833.00,1807.50,1831.60,1810.30,1832.00,1824.62,1623103,2961541704.00,75151,1910.00,1548.00),(1132,5,'2025-11-27',1802.10,1814.90,1802.10,1810.30,1804.90,1809.50,1811.18,2902053,5256151679.00,72954,1910.00,1548.00),(1133,5,'2025-11-26',1775.50,1806.90,1773.60,1804.90,1776.80,1805.50,1796.22,1158948,2081721104.00,59574,1910.00,1548.00),(1134,5,'2025-11-25',1785.00,1792.10,1766.10,1776.80,1780.80,1767.80,1782.02,1848114,3293379742.00,81893,1910.00,1548.00),(1135,5,'2025-11-24',1785.90,1785.90,1771.80,1780.80,1779.70,1782.00,1779.46,3434492,6111531099.00,75407,1910.00,1548.00),(1136,5,'2025-11-21',1778.00,1787.40,1773.70,1779.70,1777.40,1782.70,1779.36,2199311,3913363500.00,105515,1910.00,1548.00),(1137,5,'2025-11-20',1790.00,1792.00,1773.10,1777.40,1784.10,1776.80,1779.52,1513894,2694011206.00,92396,1910.00,1548.00),(1138,5,'2025-11-19',1762.00,1790.30,1751.10,1784.10,1758.80,1786.50,1780.63,2131124,3794746307.00,77851,1910.00,1548.00),(1139,5,'2025-11-18',1764.00,1764.50,1750.00,1758.80,1763.90,1759.50,1757.88,1429522,2512926399.00,68012,1910.00,1548.00),(1140,5,'2025-11-17',1765.80,1768.00,1747.70,1763.90,1757.10,1764.00,1760.29,1430618,2518299050.00,57594,1910.00,1548.00),(1141,5,'2025-11-14',1737.40,1760.10,1734.70,1757.10,1737.40,1755.00,1752.44,1667322,2921886946.00,76895,1910.00,1548.00),(1142,5,'2025-11-13',1734.50,1747.80,1725.40,1737.40,1732.10,1737.90,1738.76,1727602,3003879372.00,98434,1910.00,1548.00),(1143,5,'2025-11-12',1721.40,1744.10,1710.20,1732.10,1716.10,1733.00,1731.35,1833097,3173731088.00,87893,1910.00,1548.00),(1144,5,'2025-11-11',1701.60,1719.00,1695.00,1716.10,1697.80,1719.00,1707.49,1315353,2245951681.00,63980,1910.00,1548.00),(1145,5,'2025-11-10',1697.50,1703.10,1685.80,1697.80,1691.40,1692.80,1696.74,1235665,2096599832.00,57380,1910.00,1548.00),(1146,5,'2025-11-07',1694.00,1710.00,1683.10,1691.40,1685.90,1692.70,1692.91,1512908,2561216151.00,59783,1910.00,1548.00),(1147,5,'2025-11-06',1699.00,1723.90,1667.00,1685.90,1690.00,1686.00,1692.12,3389867,5736074739.00,109525,1910.00,1548.00),(1148,5,'2025-11-04',1707.00,1711.20,1682.20,1690.00,1706.40,1702.70,1689.70,1597993,2700134810.00,69263,1910.00,1548.00),(1149,5,'2025-11-03',1688.20,1712.80,1681.20,1706.40,1690.70,1706.60,1700.86,1099955,1870865995.00,66768,1910.00,1548.00),(1150,5,'2025-10-31',1700.00,1705.00,1686.80,1690.70,1703.40,1691.00,1694.77,1560918,2645395136.00,57399,1922.70,1548.00),(1151,5,'2025-10-30',1715.80,1716.90,1680.10,1703.40,1715.90,1701.00,1697.33,1986233,3371300594.00,53721,1922.70,1548.00),(1152,5,'2025-10-29',1690.00,1722.00,1687.30,1715.90,1687.00,1710.00,1712.48,1016738,1741147604.00,53215,1922.70,1548.00),(1153,5,'2025-10-28',1692.00,1702.70,1679.20,1687.00,1693.60,1692.80,1687.76,2440939,4119723103.00,115817,1922.70,1548.00),(1154,5,'2025-10-27',1701.00,1708.50,1690.00,1693.60,1699.00,1694.90,1694.51,2067904,3504075902.00,70214,1922.70,1548.00),(1155,5,'2025-10-24',1690.00,1701.90,1686.00,1699.00,1689.90,1696.50,1695.87,994307,1686219974.00,37261,1922.70,1548.00),(1156,5,'2025-10-23',1705.00,1712.00,1682.20,1689.90,1690.50,1695.00,1696.58,2687094,4558880346.00,102461,1922.70,1548.00),(1157,5,'2025-10-21',1690.00,1696.00,1684.00,1690.50,1688.60,1684.00,1691.45,74296,125667651.70,6234,1922.70,1548.00),(1158,5,'2025-10-20',1684.90,1696.90,1682.80,1688.60,1679.10,1687.60,1690.74,1647622,2785696099.00,59079,1922.70,1548.00),(1159,5,'2025-10-17',1658.20,1692.00,1656.70,1679.10,1659.00,1678.10,1678.86,1594147,2676347203.00,46686,1923.65,1548.00),(1160,5,'2025-10-16',1654.00,1662.90,1643.20,1659.00,1655.10,1656.40,1651.92,2895957,4783896930.00,88190,1923.65,1548.00),(1161,5,'2025-10-15',1652.50,1668.70,1650.10,1655.10,1654.40,1652.70,1659.04,2088737,3465298596.00,74773,1923.65,1548.00),(1162,5,'2025-10-14',1667.60,1669.90,1646.20,1654.40,1668.40,1652.10,1655.96,2108287,3491233352.00,78881,1923.65,1548.00),(1163,5,'2025-10-13',1662.50,1675.00,1655.80,1668.40,1670.90,1666.80,1665.56,1375179,2290448266.00,51423,1923.65,1548.00),(1164,5,'2025-10-10',1655.00,1676.60,1649.00,1670.90,1658.50,1670.00,1667.02,1454056,2423947454.00,56724,1947.00,1548.00),(1165,5,'2025-10-09',1645.00,1662.30,1632.40,1658.50,1631.60,1654.60,1650.89,2197566,3627931105.00,74600,1947.00,1548.00),(1166,5,'2025-10-08',1645.00,1655.00,1629.00,1631.60,1653.10,1631.10,1639.14,1846507,3026675494.00,60204,1947.00,1548.00),(1167,5,'2025-10-07',1649.40,1663.00,1647.00,1653.10,1654.70,1655.50,1654.55,2174852,3598402691.00,72158,1947.00,1548.00),(1168,5,'2025-10-06',1630.00,1659.70,1620.00,1654.70,1631.20,1653.30,1646.65,1756916,2893019631.00,63552,1947.00,1548.00),(1169,5,'2025-10-03',1600.00,1645.50,1600.00,1631.20,1636.20,1632.00,1624.25,4041865,6565000344.00,117636,1960.35,1548.00),(1170,5,'2025-10-01',1611.90,1651.50,1611.90,1636.20,1594.30,1639.00,1632.09,3109095,5074319855.00,112643,1960.35,1548.00),(1171,5,'2025-09-30',1589.10,1604.30,1586.00,1594.30,1589.30,1598.00,1595.73,2257443,3602263213.00,142340,1960.35,1548.00),(1172,5,'2025-09-29',1581.00,1618.90,1580.00,1589.30,1586.70,1599.00,1595.86,4180922,6672155474.00,120424,1960.35,1548.00),(1173,5,'2025-09-26',1585.00,1602.90,1548.00,1586.70,1627.40,1585.00,1579.57,7256759,11462553711.00,323315,1960.35,1548.00),(1174,5,'2025-09-25',1627.90,1642.80,1622.70,1627.40,1627.10,1625.00,1631.69,2762750,4507947622.00,97266,1960.35,1553.05),(1175,5,'2025-09-24',1630.00,1635.90,1625.00,1627.10,1631.20,1626.80,1629.95,1131058,1843562408.00,52593,1960.35,1553.05),(1176,5,'2025-09-23',1643.20,1644.00,1625.10,1631.20,1644.00,1632.80,1633.78,1967731,3214830326.00,103928,1960.35,1553.05),(1177,5,'2025-09-22',1650.00,1657.90,1635.30,1644.00,1656.00,1636.50,1645.34,1785320,2937462350.00,56322,1960.35,1553.05),(1178,5,'2025-09-19',1648.60,1668.10,1643.10,1656.00,1648.60,1658.00,1656.51,3191406,5286590629.00,83455,1960.35,1553.05),(1179,5,'2025-09-18',1635.10,1651.30,1627.70,1648.60,1620.20,1648.50,1640.32,1832386,3005707257.00,64581,1960.35,1553.05),(1180,5,'2025-09-17',1612.60,1622.10,1607.40,1620.20,1610.50,1620.80,1615.16,2128406,3437707744.00,53352,1960.35,1553.05),(1181,5,'2025-09-16',1602.50,1615.00,1600.00,1610.50,1602.00,1611.00,1607.61,1480567,2380177490.00,83157,1960.35,1553.05),(1182,5,'2025-09-15',1616.60,1617.10,1595.40,1602.00,1616.60,1601.50,1606.19,2005917,3221874135.00,105073,1960.35,1553.05),(1183,5,'2025-09-12',1610.00,1622.50,1603.10,1616.60,1609.70,1610.20,1615.46,1878894,3035287314.00,52998,1960.35,1553.05),(1184,5,'2025-09-11',1592.50,1617.00,1591.00,1609.70,1593.40,1608.90,1607.23,1762484,2832708941.00,66195,1960.35,1553.05),(1185,5,'2025-09-10',1592.10,1601.60,1582.40,1593.40,1591.70,1594.60,1592.35,2408379,3834979673.00,88579,1960.35,1553.05),(1186,5,'2025-09-09',1580.00,1597.00,1577.50,1591.70,1581.00,1594.00,1586.90,1709406,2712648010.00,45519,1960.35,1553.05),(1187,5,'2025-09-08',1597.60,1604.50,1578.20,1581.00,1593.60,1580.00,1589.97,1369139,2176892094.00,52220,1960.35,1553.05),(1188,5,'2025-09-05',1582.40,1599.30,1575.50,1593.60,1582.30,1592.90,1588.21,1814479,2881777269.00,53060,1960.35,1553.05),(1189,5,'2025-09-04',1597.00,1597.00,1561.00,1582.30,1578.70,1581.00,1574.22,2298657,3618588414.00,96595,1960.35,1553.05),(1190,5,'2025-09-03',1562.10,1581.10,1558.30,1578.70,1565.20,1579.90,1572.65,2091370,3288999359.00,86241,1960.35,1553.05),(1191,5,'2025-09-02',1566.00,1570.30,1558.00,1565.20,1563.30,1564.70,1563.86,2855840,4466133725.00,106657,1960.35,1553.05),(1192,5,'2025-09-01',1599.00,1600.20,1556.20,1563.30,1594.50,1564.00,1566.60,9366820,14674080759.00,156372,1960.35,1553.05),(1193,5,'2025-08-29',1581.00,1601.70,1575.80,1594.50,1585.70,1595.70,1592.22,3176534,5057729740.00,131996,1960.35,1553.05),(1194,5,'2025-08-28',1593.10,1600.00,1567.60,1585.70,1600.30,1587.90,1580.01,4993739,7890161882.00,178923,1960.35,1553.05),(1195,5,'2025-08-26',1645.00,1647.40,1596.20,1600.30,1656.70,1601.20,1609.85,4502371,7248146510.00,181857,1960.35,1553.05),(1196,5,'2025-08-25',1649.20,1660.50,1634.00,1656.70,1641.80,1658.00,1648.53,1904984,3140428404.00,76383,1960.35,1553.05),(1197,5,'2025-08-22',1642.00,1651.40,1635.10,1641.80,1640.20,1639.50,1644.95,2098310,3451620026.00,103869,1960.35,1553.05),(1198,5,'2025-08-21',1630.80,1652.50,1623.90,1640.20,1633.10,1642.50,1640.52,1727099,2833333835.00,70216,1960.35,1553.05),(1199,5,'2025-08-20',1634.00,1636.50,1616.00,1633.10,1626.60,1635.00,1627.27,1831706,2980688953.00,89768,1960.35,1553.05),(1200,5,'2025-08-19',1632.80,1638.00,1619.10,1626.60,1632.70,1638.00,1625.73,2656391,4318583986.00,143744,1960.35,1553.05),(1201,5,'2025-08-18',1649.60,1649.60,1625.40,1632.70,1641.40,1632.10,1633.61,3080173,5031812947.00,122031,1960.35,1553.05),(1202,5,'2025-08-14',1639.80,1651.10,1632.20,1641.40,1639.80,1638.60,1639.72,1738094,2849989291.00,60185,1960.35,1553.05),(1203,5,'2025-08-13',1624.20,1643.50,1617.30,1639.80,1622.20,1640.90,1634.96,1313668,2147800641.00,47081,1960.35,1553.05),(1204,5,'2025-08-12',1611.70,1636.70,1610.10,1622.20,1608.40,1626.50,1623.85,1679088,2726582366.00,64939,1960.35,1553.05),(1205,5,'2025-08-11',1586.90,1660.00,1584.20,1608.40,1586.90,1611.70,1603.12,1140902,1829007089.00,66080,1960.35,1553.05),(1206,5,'2025-08-08',1590.00,1602.00,1580.90,1586.90,1598.40,1587.80,1588.74,1654424,2628448657.00,67799,1960.35,1553.05),(1207,5,'2025-08-07',1581.00,1605.40,1571.00,1598.40,1595.20,1599.50,1586.24,3435674,5449790528.00,112526,1960.35,1553.05),(1208,5,'2025-08-06',1629.70,1629.70,1591.00,1595.20,1632.10,1593.50,1610.41,2376257,3826752194.00,91874,1960.35,1553.05),(1209,5,'2025-08-05',1640.90,1644.60,1620.10,1632.10,1641.60,1631.90,1629.69,1622897,2644817467.00,83135,1960.35,1553.05),(1210,5,'2025-08-04',1629.80,1647.40,1613.60,1641.60,1629.70,1638.40,1633.68,1898762,3101968421.00,118559,1960.35,1553.05),(1211,5,'2025-08-01',1690.00,1695.00,1608.00,1629.70,1706.70,1629.30,1633.46,8774548,14332871551.00,362608,1960.35,1553.05),(1212,5,'2025-07-31',1715.50,1748.00,1694.00,1706.70,1733.80,1700.00,1722.95,3233087,5570431348.00,169600,1960.35,1553.05),(1213,5,'2025-07-30',1720.00,1740.50,1712.10,1733.80,1710.50,1736.30,1731.27,2318723,4014344952.00,80072,1960.35,1553.05),(1214,5,'2025-07-29',1698.00,1718.00,1697.10,1710.50,1702.20,1717.80,1710.83,1325544,2267780755.00,53405,1960.35,1553.05),(1215,5,'2025-07-28',1702.10,1710.10,1693.90,1702.20,1699.00,1699.00,1702.18,2168507,3691182922.00,96153,1960.35,1553.05),(1216,5,'2025-07-25',1690.00,1702.00,1682.20,1699.00,1692.00,1702.00,1696.86,1088592,1847186555.00,65972,1960.35,1553.05),(1217,5,'2025-07-24',1682.50,1696.00,1680.10,1692.00,1682.50,1692.00,1690.17,1079045,1823773048.00,66402,1960.35,1553.05),(1218,5,'2025-07-23',1678.50,1689.60,1671.40,1682.50,1678.00,1685.00,1680.96,1229173,2066186939.00,66722,1960.35,1553.05),(1219,5,'2025-07-22',1686.10,1693.10,1672.80,1678.00,1692.30,1682.90,1678.35,1244491,2088686375.00,57827,1960.35,1553.05),(1220,5,'2025-07-21',1681.10,1701.40,1677.50,1692.30,1693.60,1689.40,1692.28,2390289,4045031438.00,147440,1960.35,1553.05),(1221,5,'2025-07-18',1709.00,1709.40,1686.70,1693.60,1703.40,1694.40,1694.36,1253929,2124604411.00,72733,1960.35,1553.05),(1222,5,'2025-07-17',1704.00,1717.00,1696.00,1703.40,1701.00,1702.50,1708.31,1461039,2495911170.00,118201,1960.35,1553.05),(1223,5,'2025-07-16',1730.00,1731.30,1698.00,1701.00,1727.50,1704.00,1710.08,2285143,3907776021.00,184052,1960.35,1553.05),(1224,5,'2025-07-15',1705.00,1730.90,1687.90,1727.50,1682.60,1729.00,1714.48,3332578,5713624478.00,130400,1960.35,1553.05),(1225,5,'2025-07-14',1680.40,1696.90,1675.50,1682.60,1672.00,1681.70,1686.39,1309704,2208673202.00,51067,1960.35,1553.05),(1226,5,'2025-07-11',1665.80,1679.90,1662.20,1672.00,1662.50,1674.30,1671.87,1298302,2170590254.00,63532,1960.35,1549.80),(1227,5,'2025-07-10',1662.00,1670.60,1647.20,1662.50,1669.40,1663.20,1660.17,1741718,2891552811.00,70440,1960.35,1549.80),(1228,5,'2025-07-09',1660.00,1680.80,1647.00,1669.40,1672.50,1665.10,1671.13,2178705,3640908369.00,108925,1960.35,1549.80),(1229,5,'2025-07-08',1680.00,1682.00,1649.10,1672.50,1679.90,1670.80,1664.92,1860328,3097290161.00,82280,1960.35,1549.80),(1230,5,'2025-07-07',1674.70,1682.40,1663.00,1679.90,1676.30,1680.50,1674.99,1550620,2597279742.00,66273,1960.35,1549.80),(1231,5,'2025-07-04',1686.70,1686.70,1671.60,1676.30,1679.70,1675.90,1678.29,1264399,2122024470.00,64590,1960.35,1498.30),(1232,5,'2025-07-03',1677.50,1692.80,1674.50,1679.70,1677.50,1676.40,1683.28,1553777,2615437352.00,73380,1960.35,1498.30),(1233,5,'2025-07-02',1656.00,1682.00,1656.00,1677.50,1667.20,1678.10,1676.12,1611046,2700301189.00,72532,1960.35,1498.30),(1234,5,'2025-07-01',1675.70,1684.30,1657.50,1667.20,1675.70,1666.50,1665.08,3298070,5491557209.00,149658,1960.35,1498.30),(1235,5,'2025-06-30',1696.00,1704.50,1671.60,1675.70,1687.60,1675.00,1684.24,2160184,3638275380.00,99877,1960.35,1498.30);
/*!40000 ALTER TABLE `stockprices` ENABLE KEYS */;
UNLOCK TABLES;

--
-- Final view structure for view `companyfinancialsummary`
--

/*!50001 DROP VIEW IF EXISTS `companyfinancialsummary`*/;
/*!50001 SET @saved_cs_client          = @@character_set_client */;
/*!50001 SET @saved_cs_results         = @@character_set_results */;
/*!50001 SET @saved_col_connection     = @@collation_connection */;
/*!50001 SET character_set_client      = utf8mb4 */;
/*!50001 SET character_set_results     = utf8mb4 */;
/*!50001 SET collation_connection      = utf8mb4_0900_ai_ci */;
/*!50001 CREATE ALGORITHM=UNDEFINED */
/*!50013 DEFINER=`root`@`localhost` SQL SECURITY DEFINER */
/*!50001 VIEW `companyfinancialsummary` AS select `c`.`CompanyName` AS `CompanyName`,`f`.`FinancialYear` AS `FinancialYear`,`f`.`Sales` AS `Sales`,`f`.`NetProfit` AS `NetProfit`,`f`.`EPS` AS `EPS` from (`companies` `c` join `financialstatements` `f` on((`c`.`CompanyID` = `f`.`CompanyID`))) */;
/*!50001 SET character_set_client      = @saved_cs_client */;
/*!50001 SET character_set_results     = @saved_cs_results */;
/*!50001 SET collation_connection      = @saved_col_connection */;

--
-- Final view structure for view `companyprofitsummary`
--

/*!50001 DROP VIEW IF EXISTS `companyprofitsummary`*/;
/*!50001 SET @saved_cs_client          = @@character_set_client */;
/*!50001 SET @saved_cs_results         = @@character_set_results */;
/*!50001 SET @saved_col_connection     = @@collation_connection */;
/*!50001 SET character_set_client      = utf8mb4 */;
/*!50001 SET character_set_results     = utf8mb4 */;
/*!50001 SET collation_connection      = utf8mb4_0900_ai_ci */;
/*!50001 CREATE ALGORITHM=UNDEFINED */
/*!50013 DEFINER=`root`@`localhost` SQL SECURITY DEFINER */
/*!50001 VIEW `companyprofitsummary` AS select `c`.`CompanyName` AS `CompanyName`,round(avg(`f`.`NetProfit`),2) AS `AverageProfit` from (`companies` `c` join `financialstatements` `f` on((`c`.`CompanyID` = `f`.`CompanyID`))) group by `c`.`CompanyName` */;
/*!50001 SET character_set_client      = @saved_cs_client */;
/*!50001 SET character_set_results     = @saved_cs_results */;
/*!50001 SET collation_connection      = @saved_col_connection */;
/*!40103 SET TIME_ZONE=@OLD_TIME_ZONE */;

/*!40101 SET SQL_MODE=@OLD_SQL_MODE */;
/*!40014 SET FOREIGN_KEY_CHECKS=@OLD_FOREIGN_KEY_CHECKS */;
/*!40014 SET UNIQUE_CHECKS=@OLD_UNIQUE_CHECKS */;
/*!40101 SET CHARACTER_SET_CLIENT=@OLD_CHARACTER_SET_CLIENT */;
/*!40101 SET CHARACTER_SET_RESULTS=@OLD_CHARACTER_SET_RESULTS */;
/*!40101 SET COLLATION_CONNECTION=@OLD_COLLATION_CONNECTION */;
/*!40111 SET SQL_NOTES=@OLD_SQL_NOTES */;

-- Dump completed on 2026-07-18 19:33:08
